Filename,Avg Edge Length,Volume,Nodes,Tetrahedra
OPX001.pat,12.61786,0.007881859,8669.0,44415.0
OPX002.pat,11.521,0.004704484,5309.0,26583.0
OPX003.pat,11.63906,0.005943183,6344.0,28832.0
OPX004.pat,12.89434,0.02945699,30417.0,163744.0
OPX005.pat,12.48883,0.01692817,17106.0,89090.0
OPX006.pat,12.67724,0.3448096,347391.0,2036629.0
OPX007.pat,9.54935,0.01403979,14811.0,77563.0
OPX008.pat,10.61417,0.1304889,129031.0,699970.0
OPX009.pat,12.77815,0.02802935,24981.0,123385.0
OPX010.pat,12.09701,0.002167732,2271.0,9751.0
OPX011.pat,12.81772,0.01269115,13294.0,64345.0
OPX012.pat,11.53712,0.1000069,99336.0,502395.0
OPX013.pat,11.35575,0.2873696,287139.0,1574451.0
OPX014-1.pat,26.55197,0.05812262,5779.0,25463.0
OPX014-2.pat,17.30507,0.05853502,18977.0,92842.0
OPX014-3.pat,12.98991,0.05871515,55386.0,290187.0
OPX015.pat,10.70564,0.01204633,9187.0,43873.0
OPX016.pat,12.21144,0.01777659,18699.0,93703.0
OPX017.pat,11.84611,0.1555504,147358.0,791126.0
OPX018.pat,11.15921,0.01449485,13625.0,68315.0
OPX019-1.pat,24.81258,0.05187119,4493.0,17782.0
OPX019-2.pat,18.56849,0.05254138,17804.0,82765.0
OPX019-3.pat,13.74467,0.05278345,40860.0,202700.0
OPX020.pat,11.73889,0.008089638,5819.0,26322.0
OPX021.pat,11.71915,0.001570585,1922.0,8944.0
OPX022.pat,13.46649,0.2150289,215470.0,1166649.0
OPX023.pat,12.37843,0.02166385,18174.0,86656.0
OPX024.pat,11.00082,0.01316738,13801.0,72050.0
OPX025-1.pat,17.87269,0.03937484,9417.0,47548.0
OPX025-2.pat,13.91583,0.03946147,22944.0,121469.0
OPX025-3.pat,11.12211,0.03949514,42017.0,228216.0
OPX026.pat,12.9104,0.01345208,13160.0,68588.0
OPX027.pat,12.37916,0.00320006,3247.0,14749.0
OPX028.pat,10.65748,0.001630773,1511.0,6215.0
OPX029.pat,11.0529,0.008124558,8496.0,41434.0
OPX030.pat,11.75021,0.001946985,2270.0,10298.0
OPX031-1.pat,21.62254,0.02558799,6083.0,28168.0
OPX031-2.pat,14.11316,0.02569963,14401.0,71443.0
OPX031-3.pat,10.44458,0.02574867,26083.0,134257.0
OPX032.pat,12.71856,0.001056258,1260.0,4869.0
OPX033.pat,13.41376,0.1140878,114990.0,626747.0
OPX034.pat,12.12177,0.009677624,8602.0,35911.0
OPX035-1.pat,17.56096,0.02081859,6408.0,26336.0
OPX035-2.pat,13.91315,0.02100283,21825.0,102320.0
OPX036-1.pat,16.29439,0.05357987,14756.0,61653.0
OPX036-2.pat,12.75161,0.05379401,28548.0,127545.0
OPX036-3.pat,11.90782,0.05387892,50654.0,239712.0
OPX037.pat,12.92353,0.07504562,75204.0,400469.0
OPX038.pat,12.58758,0.002333993,2724.0,12706.0
OPX039.pat,12.67802,0.003389081,3564.0,16541.0
OPX040.pat,11.71664,0.09091026,88671.0,471119.0
OPX041-1.pat,20.1262,0.03323983,9612.0,43463.0
OPX041-2.pat,13.66216,0.03332992,18721.0,89947.0
OPX041-3.pat,11.51381,0.03340095,33835.0,169296.0
OPX042.pat,12.33386,0.00478826,5296.0,24003.0
OPX043.pat,10.07738,0.004583269,4708.0,22241.0
OPX044.pat,11.26613,0.006924873,6780.0,29998.0
OPX045.pat,12.17187,0.001583588,1819.0,7946.0
OPX046.pat,11.78949,0.01333423,11849.0,55809.0
OPX047.pat,13.75962,0.003708444,3586.0,15160.0
OPX048.pat,12.10738,0.001353511,1640.0,6606.0
OPX049.pat,11.03312,0.003615965,3445.0,14172.0
OPX050.pat,13.21056,0.006638679,7148.0,34029.0
OPX051-1.pat,24.1866,0.0787411,9594.0,38628.0
OPX051-2.pat,18.88957,0.07949218,18759.0,81623.0
OPX051-3.pat,13.36507,0.08041162,65117.0,317853.0
OPX052.pat,13.40254,0.009905248,9100.0,41342.0
OPX053.pat,11.4145,0.004325289,3392.0,13767.0
OPX054.pat,12.59136,0.01235462,11954.0,57768.0
OPX055.pat,13.09528,0.008832519,9116.0,45998.0
OPX056-1.pat,17.12033,0.02450562,6466.0,27230.0
OPX056-2.pat,14.96278,0.02504028,12263.0,55492.0
OPX056-3.pat,9.96154,0.02536914,21867.0,104365.0
OPX057-1.pat,16.31801,0.02591667,7372.0,31836.0
OPX057-2.pat,14.17393,0.02642274,14021.0,64865.0
OPX057-3.pat,13.43542,0.02658648,25336.0,123113.0
OPX058.pat,11.4948,0.01496205,14512.0,67123.0
OPX059.pat,12.32662,0.09301368,87677.0,466125.0
OPX060.pat,10.45907,0.01381623,14419.0,64510.0
OPX061-1.pat,17.08879,0.03219852,8767.0,37897.0
OPX061-2.pat,13.6678,0.03285408,16602.0,76830.0
OPX061-3.pat,12.44661,0.03328207,30067.0,146276.0
OPX062.pat,7.16744,0.003636185,11183.0,52638.0
OPX063.pat,10.8852,0.002839929,3055.0,13145.0
OPX064.pat,9.97622,0.006429549,6528.0,28621.0
OPX065.pat,12.83175,0.01424258,15114.0,77395.0
OPX066.pat,10.41224,0.008454613,12352.0,59681.0
OPX067-1.pat,20.73113,0.0564621,13639.0,63481.0
OPX067-2.pat,15.16704,0.05680929,25493.0,124856.0
OPX067-3.pat,12.93954,0.05699186,42326.0,213644.0
OPX067-4.pat,10.61676,0.0571893,79550.0,417207.0
OPX068.pat,9.9439,0.009255752,8661.0,39553.0
OPX069.pat,10.3018,0.08901295,89564.0,479986.0
OPX070.pat,12.10264,0.005534747,5110.0,23139.0
OPX071-1.pat,20.58209,0.03058581,9421.0,40637.0
OPX071-2.pat,14.91063,0.03067051,17571.0,80770.0
OPX071-3.pat,13.09159,0.03074024,31863.0,154575.0
OPX072.pat,10.72035,0.007183385,7726.0,36706.0
OPX073.pat,10.09031,0.004008883,4054.0,17451.0
OPX074-1.pat,21.23264,0.05060515,10118.0,44137.0
OPX074-2.pat,19.01688,0.05085074,17348.0,79908.0
OPX074-3.pat,14.812,0.05094188,27562.0,133048.0
OPX074-4.pat,10.7093,0.05108067,50255.0,252291.0
OPX075.pat,12.13194,0.1123411,102275.0,522117.0
OPX076.pat,10.02428,0.01712642,14785.0,65513.0
OPX077.pat,11.6058,0.1453037,127918.0,647437.0
OPX078-1.pat,21.36303,0.08160922,14176.0,56150.0
OPX078-2.pat,18.18981,0.08203041,27655.0,120160.0
OPX078-3.pat,14.81414,0.08265926,42599.0,191133.0
OPX078-4.pat,11.0195,0.08304004,74934.0,357263.0
OPX079-1.pat,19.25514,0.04120977,13661.0,61590.0
OPX079-2.pat,14.9745,0.04134382,21663.0,102389.0
OPX079-3.pat,10.60258,0.04144045,39194.0,193355.0
OPX080.pat,12.16138,0.004537858,3817.0,16333.0
OPX081-1.pat,16.20677,0.02950684,10235.0,46762.0
OPX081-2.pat,13.97876,0.02960065,16319.0,77609.0
OPX081-3.pat,10.51341,0.02965953,29490.0,145990.0
OPX082.pat,8.03233,0.003579507,3859.0,17115.0
