Filename,Domain_Structure,M_r,M_s,H_c,H_cr,M_r/M_s,H_cr/H_c
PLAG001,,,,,,,
PLAG002, Single_Domain,,,,,,
PLAG003, Single_Domain,,,,,,
PLAG004, Single_Vortex,,,,,,
PLAG005, Single_Domain,,,,,,
PLAG006, Multi_Vortex,,,,,,
PLAG007, Single_Domain,,,,,,
PLAG008, Single_Domain,,,,,,
PLAG009,,,,,,,
PLAG010, Single_Domain,,,,,,
PLAG011, Single_Domain,,,,,,
PLAG012, Single_Domain,,,,,,
PLAG013, Multi_Vortex,,,0.0546740798605139,,0.51457314105,
PLAG014, Single_Domain,,,0.044786160475045,,0.5132224573,
PLAG015, Single_Domain,,,0.0278653802064559,,0.465574315475,
PLAG016, Single_Domain,,,0.0230202058292066,,0.39322425477,
PLAG017, Single_Domain,,,0.0265233895888424,,0.497338644735,
PLAG018, Single_Domain,,,0.0785153597153965,,0.4929545873,
PLAG019, Single_Domain,,,0.0591067030797493,,0.48819754696,
PLAG020, Single_Domain,,,0.0814946115314107,,0.51267356705,
PLAG021, Single_Domain,,,0.0613522737417499,,0.5143060988,
PLAG022, Multi_Vortex,,,0.00926040474654063,,0.390966044385,
PLAG023, Single_Domain,,,0.0231577784989545,,0.4478824285,
PLAG024, Single_Domain,,,0.0444784930923665,,0.495715314935,
PLAG025, Single_Domain,,,0.0603478778364393,,0.509540601255,
PLAG026, Single_Vortex,,,0.040876058141158,,0.486630471595,
PLAG027, Multi_Vortex,,,0.0149071274436026,,0.407017560155,
PLAG028, Single_Domain,,,0.0353519632301147,,0.486985142735,
PLAG029, Single_Domain,,,0.0212729912231592,,0.417025528895,
PLAG030, Single_Domain,,,0.0711927725680385,,0.50990488882,
PLAG031, Single_Vortex,,,0.0539441646492939,,0.5155802754,
PLAG032, Single_Domain,,,0.0655261598685291,,0.5130858905,
PLAG033, Single_Domain,,,0.0397139892277993,,0.4975770414,
PLAG034, Single_Domain,,,0.0494204547891146,,0.49528072186,
PLAG035, Single_Domain,,,0.0582816143400111,0.0,0.494166997665,
PLAG036, Single_Domain,,,0.0312372215979845,,0.43254139786,
PLAG037, Single_Vortex,,,0.00887195786664878,,0.09284621354,
PLAG038, Single_Domain,,,0.0518812592159707,0.0637880485538096,0.5142140442,1.22950077769457
PLAG039, Single_Domain,,,0.0424498571129765,0.0529432549995383,0.469135962345,1.24719512856391
PLAG040, Single_Domain,,,0.0325732916516593,0.0436968242000578,0.41900018408,1.34149243089566
PLAG041, Single_Domain,,,0.0574107961300497,0.0720780951188296,0.50960088705,1.25547980480108
PLAG042, Single_Domain,,,0.0210813704339042,0.0296726035131754,0.418338992385,1.4075272575949
PLAG043, Single_Domain,,,0.023468288111519,0.0344119920112095,0.473460552025,1.46631879784699
PLAG044, Single_Domain,,,0.0644794033009611,0.0772807243682663,0.5137275494,1.198533491502
PLAG045, Multi_Vortex,,,0.00315313912122824,0.0,0.0318721714155,
PLAG046, Single_Domain,,,0.0412754745253155,0.0588193552680738,0.483099248355,1.42504370802565
PLAG047, Single_Domain,,,0.053947457183682,0.0656490571754554,0.49598616755,1.21690735027476
PLAG048, Single_Domain,,,0.0801534047943653,0.0957464452230908,0.5130561736,1.1945399633207
PLAG049, Single_Domain,,,0.0589566433316398,0.0686405367519052,0.51046454575,1.16425449063971
PLAG050, Single_Domain,,,0.0150248246891879,0.022290621482237,0.436708736755,1.48358612784865
PLAG051, Single_Vortex,,,0.00876358296005048,0.0264408416333584,0.2772394789115,3.017126870812
PLAG052, Single_Domain,,,0.0683161828836784,0.081481533302674,0.5114016013,1.19271203195606
PLAG053, Single_Vortex,,,0.00310103921362375,0.035716332617886,0.0280779279765,11.5175365925635
PLAG054, Single_Vortex,,,0.0782086911984298,0.0965152719311482,0.51390448045,1.23407348278302
PLAG055, Single_Vortex,,,0.0596671154729495,0.0736791570042805,0.5102719088,1.23483691846447
PLAG056, Single_Domain,,,0.0642735318034374,0.0739835782443542,0.48850199424,1.15107379614072
PLAG057, Single_Vortex,,,0.0614444551204358,0.0764807358193179,0.51126974105,1.2447133865767
PLAG058, Single_Vortex,,,0.000991033112169848,0.2,0.008142482104,
PLAG059, Single_Domain,,,0.0476702369237298,0.0652176965816765,0.5141665485,1.36810095334793
PLAG060, Single_Domain,,,0.0590772464545967,0.0751225465787283,0.5143564014,1.27159864562177
PLAG061, Single_Domain,,,0.0561377375709784,0.0646931704714929,0.489306030355,1.15240074272137
PLAG062, Single_Domain,,,0.0529907425196346,0.0642733869433923,0.49201124507,1.21291727360826
PLAG063, Multi_Vortex,,,0.00587060250291768,0.0273529326376742,0.422955045065,4.65930585899485
PLAG064, Single_Vortex,,,0.00261946083890391,0.0,0.0206791353085,
PLAG065, Single_Vortex,,,0.0670760988561365,0.0817131332988752,0.50786887,1.21821535080822
PLAG066, Single_Vortex,,,0.00136258932958306,0.0896645500847867,0.0082664704455,65.8045297567559
PLAG067, Single_Vortex,,,0.0145688280201955,0.0359704024805864,0.446139975984,2.46899767302653
PLAG068, Single_Domain,,,0.0619535119162684,0.0775031400400188,0.4940424806,1.25098864685453
PLAG069, Single_Vortex,,,0.00491293162980879,0.0901859520483872,0.0296694181335,18.3568506227914
PLAG070, Single_Domain,,,0.0481431480079322,0.0636953813747207,0.51024626365,1.32304147132684
PLAG071, Multi_Vortex,,,0.00146734598607956,0.050351360847652,0.012948873423,34.3145797414693
PLAG072, Single_Vortex,,,0.0199846133899074,0.0302464433952812,0.483703772415,1.5134865411285
PLAG073, Single_Vortex,,,0.0016088198297775,0.0,0.0122930891346,
PLAG074, Single_Domain,,,0.023916067918841,0.0320453927249754,0.490757892095,1.33991059206393
PLAG075, Single_Domain,,,0.0403806242830144,0.0486611235018309,0.488142994805,1.2050611986774
PLAG076, Single_Domain,,,0.0668204162018641,0.0816133903395251,0.5102887297,1.22138404665083
PLAG077, Single_Domain,,,0.0442104132443318,0.0544071659243134,0.47921600787,1.23064142430944
PLAG078, Single_Domain,,,0.0668886304474056,0.082779167175468,0.50199166024,1.23756708160675
PLAG079, Single_Vortex,,,0.00788695308888072,0.048679484728145,0.056440461566,6.17215345134674
PLAG080, Single_Domain,,,0.0794676493457759,0.0911595476753522,0.5132359152,1.14712777370202
PLAG081, Single_Domain,,,0.0538463102180755,0.064926907468626,0.489842973235,1.20578192276638
PLAG082, Single_Vortex,,,0.00194130002689792,0.0487086340383403,0.015112216442,25.0907295953495
PLAG083, Single_Domain,,,0.058577088236115,0.0782354445647381,0.49251146618,1.33559804559392
PLAG084, Single_Vortex,,,0.0081994764387619,0.0215734893045039,0.26059899467,2.63108132154855
PLAG085, Single_Domain,,,0.0525680426715143,0.0670315987836819,0.51427998585,1.27513971183114
PLAG086, Single_Domain,,,0.0567748059591349,0.0736689357742028,0.4913974007,1.29756384948683
PLAG087, Single_Domain,,,0.082733011230575,0.110456409125403,0.50859447909,1.33509475217291
PLAG088, Single_Vortex,,,0.00109040381935614,0.2,0.014083258814,
PLAG089, Single_Vortex,,,0.0296657098979386,0.0413363044556792,0.5312586997,1.39340351530073
PLAG090, Single_Domain,,,0.0920415074747469,0.113051180073005,0.50883118871,1.22826302148541
PLAG091, Single_Vortex,,,0.000544725073385391,0.0,0.0037697861005,
PLAG092, Single_Vortex,,,0.0195086274586137,0.0292673111493215,0.41135413435,1.50022400147884
PLAG093, Single_Domain,,,0.0838682726328091,0.105821013702609,0.51605384505,1.26175263160496
PLAG094, Single_Domain,,,0.0536887427855967,0.0683986049109606,0.4751350271325,1.2739841047146
PLAG095, Single_Domain,,,0.0641433610129014,0.0820285707363012,0.51388673155,1.27883181425124
PLAG096, Single_Vortex,,,0.0018725842193226,0.116603168528239,0.01297758075575,62.2685844113434
PLAG097, Single_Vortex,,,0.00441279797759612,0.0880887752033713,0.025983943988,19.9621137542666
PLAG098, Single_Domain,,,0.0628178277047182,0.0807767776110572,0.51131690055,1.28588938144689
PLAG099, Single_Domain,,,0.0564593522141029,0.0666236913251679,0.521249210325,1.1800293257443
PLAG100, Single_Vortex,,,0.00245180118321073,0.124715634428292,0.014695133346,50.8669443845248
PLAG101, Single_Vortex,,,0.0279425290628148,0.0426429261632992,0.449441017996,1.52609400771984
PLAG102, Single_Domain,,,0.0732996826341674,0.0906723222338579,0.50790837492,1.23700838769515
PLAG103, Single_Vortex,,,0.00668181321388769,0.0742900721857881,0.048744147936,11.1182503622492
PLAG104, Single_Vortex,,,0.00874735854951548,0.0198355206987116,0.3083674457745,2.26760119485559
PLAG105, Single_Domain,,,0.0661157151588007,0.0879532307662386,0.51364305155,1.33029236022007
PLAG106, Single_Vortex,,,0.00281051256187302,0.093459968535497,0.024441239794,33.2537095913964
PLAG107, Single_Vortex,,,0.026913782959572,0.0398079019087937,0.472959296395,1.47908980200183
PLAG108, Single_Vortex,,,0.00372981191165395,0.0667812444116883,0.029109538076,17.9047217375835
PLAG109, Single_Domain,,,0.0394503927403416,0.0550386893756861,0.485344075105,1.39513666537986
PLAG110, Single_Domain,,,0.0641317371274351,0.0748905818253769,0.48533950934,1.16776162910671
PLAG111, Single_Domain,,,0.0337195044713211,0.0450557458139173,0.478387606,1.33619240615585
PLAG112, Single_Vortex,,,0.000614493067651492,0.2,0.006010942959,
PLAG113, Single_Vortex,,,0.00136610447243123,0.114888704401734,0.009068655537,84.0995009680833
PLAG114, Single_Vortex,,,0.0379128698613189,0.0503068127841328,0.48554148485,1.32690595484197
PLAG115, Single_Domain,,,0.0523246227316028,0.0648216333366126,0.493792438,1.23883613397679
PLAG116, Single_Vortex,,,0.00745872653384427,0.015020740478582,0.41898749638,2.0138478613507
PLAG117, Single_Vortex,,,0.0132745853965473,0.0253133905621898,0.363827795123,1.90690630298509
PLAG118, Single_Domain,,,0.0696034316142146,0.0832666379593819,0.4665723367275,1.19630075742382
PLAG119, Single_Vortex,,,0.00154111908150604,0.068546025937645,0.011675271463,44.4780852824554
PLAG120, Single_Domain,,,0.0734469901454944,0.0853900962188954,0.46902859701,1.16260851601601
PLAG121, Single_Domain,,,0.0539239291627053,0.0709888357616724,0.470050794932,1.31646259580746
PLAG122, Single_Vortex,,,0.00403170965531463,0.0728864854857218,0.0315413166225,18.0783071493361
PLAG123, Single_Domain,,,0.0897304393315103,0.118431171839051,0.5117235054,1.31985503159642
PLAG124, Single_Domain,,,0.0649187541891563,0.0863138938678904,0.50459196024,1.32956793373444
PLAG125, Single_Domain,,,0.0734755152169651,0.0942950816981939,0.5140826052,1.28335380051097
PLAG126, Single_Domain,,,0.0729805248713945,0.0854140404574147,0.48879429676,1.17036758241915
PLAG127, Single_Vortex,,,0.00697109389566858,0.0736401378877641,0.0455466202535,10.5636416593843
PLAG128, Single_Domain,,,0.0527247655814231,0.0705371860115808,0.48463823378,1.33783783073724
PLAG129, Single_Vortex,,,0.020824557872967,0.0287936091035368,0.47728807619,1.38267565050755
PLAG130, Single_Vortex,,,0.00618667189959191,0.0225685278166961,0.1421722846505,3.64792705722518
PLAG131, Single_Vortex,,,0.0360894430048867,0.0477108172418745,0.45905884512,1.32201589355131
PLAG132, Single_Domain,,,0.0533364022222236,0.0702823232084701,0.50774190197,1.31771773648403
PLAG133, Single_Domain,,,0.0244879976510972,0.0372105599813747,0.5252023575,1.51954277812124
PLAG134, Single_Domain,,,0.0295746231068402,0.0456323667850508,0.498099733825,1.54295683228831
PLAG135, Single_Vortex,,,0.00386125138207154,0.00960216036029357,0.1816908222185,2.48680010964271
PLAG136, Single_Vortex,,,0.00392086415494016,0.0850935656986725,0.03510563445,21.7027579472391
PLAG137, Single_Domain,,,0.0673502693699273,0.0941803975022196,0.471186189785,1.39836705009932
PLAG138, Single_Domain,,,0.0432130113897526,0.0609787917961406,0.49155614467,1.41112109142666
PLAG139, Single_Domain,,,0.0412728140462136,0.0557183617838275,0.43785732137,1.35000152210215
PLAG140, Single_Domain,,,0.0605392310196396,0.0807281486055491,0.484655591315,1.3334848699905
PLAG141, Single_Domain,,,0.0555289118903682,0.0824603469483778,0.484745179285,1.48499842948806
PLAG142, Single_Domain,,,0.0518177409267944,0.0756327250366122,0.46203427977,1.45959132304634
PLAG143, Single_Domain,,,0.0259578428087883,0.0356428497810364,0.44148640577,1.37310523234115
PLAG144, Single_Vortex,,,0.00749351732699399,0.0690806129662833,0.05747763887655,9.21871665224998
PLAG145, Single_Domain,,,0.0487493171769103,0.0620561315217164,0.490959802375,1.27296411755914
PLAG146, Single_Vortex,,,0.0181476295788562,0.029015879361878,0.40611859542,1.59887985567461
PLAG147, Single_Vortex,,,0.0255945257835941,0.0343684340808025,0.4747679110025,1.34280409691483
PLAG148, Single_Vortex,,,0.0110774459484792,0.0553935311958781,0.336264904998,5.0005688543651
PLAG149, Single_Vortex,,,0.00722352239721488,0.058614418159999,0.067021478652,8.11438172914069
PLAG150, Single_Domain,,,0.0424803125613191,0.0572065348926392,0.48179983448,1.34665993358837
PLAG151, Single_Vortex,,,0.00555845495444352,0.0419711720163748,0.07573406813,7.55087022569506
PLAG152, Single_Domain,,,0.0640745035535402,0.091885274720181,0.5035578969,1.43403802798725
PLAG153, Single_Vortex,,,0.00140466574400351,0.106813521500958,0.015372358075,76.0419494509232
PLAG154, Single_Domain,,,0.0420717953788876,0.058812443369251,0.487065138834,1.39790666976775
PLAG155, Single_Domain,,,0.0327509274775148,0.0451332334529693,0.5752537397,1.37807497158533
PLAG156, Single_Vortex,,,0.0153068710181254,0.0274139774499184,0.353729130145,1.79095893716335
PLAG157, Single_Domain,,,0.0338193690180096,0.0448550548083454,0.473351920585,1.32631258686284
PLAG158, Single_Vortex,,,0.022399522106076,0.0370113005353654,0.486502655725,1.65232545409198
PLAG159, Single_Vortex,,,0.00647022242577402,0.0435913633727314,0.0599238992735,6.73722795047754
PLAG160, Single_Vortex,,,0.00841760225502767,0.0352219062332384,0.41972316467,4.18431581418581
PLAG161, Single_Domain,,,0.0325204659469706,0.0427562064196071,0.49693997649,1.31474765734683
PLAG162, Single_Domain,,,0.0434745873988795,0.0530021317753892,0.4678700450985,1.21915203677713
PLAG163, Single_Domain,,,0.051510387450426,0.0697976909975094,0.493732873955,1.35502166557538
PLAG164, Single_Domain,,,0.0914921293254807,0.111890570622029,0.50992283215,1.22295296269673
PLAG165, Single_Domain,,,0.0456482637437286,0.0623407127330022,0.44029248695,1.36567544130453
PLAG166, Single_Domain,,,0.0696228247944731,0.0899481474459174,0.4925244914,1.29193476006532
PLAG167, Single_Domain,,,0.0978277656768636,0.114329162316862,0.51235679885,1.16867804887321
PLAG168, Single_Vortex,,,0.013405129815492,0.0217895372912146,0.40209438363,1.62546260954765
PLAG169, Single_Domain,,,0.0712408918673826,0.0921528189554428,0.49353851976,1.29353825506548
PLAG170, Single_Domain,,,0.0659108986201266,0.0778653180996949,0.490227881905,1.18137242443722
PLAG171, Single_Domain,,,0.0259024150573054,0.0397850014017781,0.47132923844,1.53595721919209
PLAG172, Single_Vortex,,,0.0127356100817322,0.0307421014664828,0.40261848371,2.41386955702884
PLAG173, Single_Domain,,,0.0476848986230489,0.0669010301464768,0.476827121675,1.40298149054132
PLAG174, Single_Vortex,,,0.0158394543021193,0.0318207525882934,0.4655039525,2.00895510548212
PLAG175, Single_Domain,,,0.023191771104056,0.0307880493253625,0.4866097146,1.32754196250143
PLAG176, Single_Vortex,,,0.0233597440093244,0.0312662926837254,0.6656518493,1.3384689777099
PLAG177, Single_Domain,,,0.0584636304010667,0.0851460420818474,0.51044465155,1.45639334228368
PLAG178, Single_Domain,,,0.0866514980272111,0.10211608070406,0.51811548085,1.17846872851514
PLAG179, Single_Domain,,,0.0360779751263925,0.0572920571921471,0.49503733805,1.58800644968114
PLAG180, Single_Domain,,,0.0276358307775641,0.0403801827995298,0.418274902045,1.46115320811387
PLAG181, Single_Domain,,,0.0367477291858286,0.0555044442308752,0.4843430722495,1.51041834313615
PLAG182, Single_Domain,,,0.0344856127173119,0.0532769907889634,0.463560697745,1.54490486295516
PLAG183, Single_Domain,,,0.0384519599621244,0.0507438812159646,0.46317659118,1.31966956342272
PLAG184, Single_Domain,,,0.0652044365670719,0.0834215920287992,0.49270298663,1.27938521396452
PLAG185, Single_Domain,,,0.0435085552965031,0.064754569533641,0.4946856098,1.48831808117622
PLAG186, Single_Domain,,,0.0543389671118057,0.0777651724431112,0.5082741031,1.43111245164275
PLAG187, Single_Domain,,,0.0284819277228713,0.044271521100946,0.47207269777,1.55437235610269
PLAG188, Single_Domain,,,0.0428297735539149,0.0587142365122817,0.469479904735,1.37087431569936
PLAG189, Single_Domain,,,0.063066195505566,0.0790498250382406,0.568203582,1.25344210800323
PLAG190, Single_Domain,,,0.0465086806906999,0.0648622357325571,0.47422310608,1.39462643896341
PLAG191, Single_Domain,,,0.0296100917097522,0.0429484979322116,0.501819517115,1.45046825093305
PLAG192, Single_Domain,,,0.0435515900755505,0.0612071625273439,0.48378174148,1.40539443958684
PLAG193, Single_Domain,,,0.0468971398333131,0.0583692624371304,0.48410038373,1.2446230760467
PLAG194, Single_Domain,,,0.0647665453116012,0.0793089771899707,0.493622182705,1.22453616768354
PLAG195, Single_Domain,,,0.048837588124185,0.0737055194524687,0.490796533795,1.50919654887643
PLAG196, Single_Domain,,,0.0507501720219173,0.0819339626190701,0.475435629925,1.61445684526322
PLAG197, Single_Domain,,,0.0418591316887414,0.0650295163922278,0.441565706095,1.55353237797138
PLAG198, Single_Domain,,,0.0415586601313607,0.0617068667709243,0.462460645855,1.4848136724302
PLAG199, Single_Domain,,,0.0234853965251467,0.0329022281771142,0.68642498265,1.40096541022352
PLAG200, Single_Domain,,,0.0205498402980767,0.0335075159664383,0.62959593116,1.63054872837987
PLAG201, Single_Domain,,,0.0181928243435957,0.0279982609376509,0.436043529975,1.53897275150172
PLAG202, Single_Domain,,,0.0378532756583957,0.0580116526581132,0.474617150495,1.5325398304135
PLAG203, Single_Domain,,,0.0705952986228133,0.0934450968174409,0.50911556568,1.3236730864574
PLAG204, Single_Domain,,,0.0335353652466148,0.049765114337739,0.45729209645,1.48395921653969
PLAG205, Single_Domain,,,0.0594590968092483,0.0798664770144092,0.50316779085,1.34321712404462
PLAG206, Single_Domain,,,0.0247156428058807,0.0405364571984597,0.399433173355,1.64011340982864
PLAG207, Single_Domain,,,0.0211689591139475,0.0287395693530107,0.7018734071,1.35762789272313
PLAG208, Single_Domain,,,0.0345198047444312,0.0531414049568917,0.480827740605,1.53944685812467
PLAG209, Single_Domain,,,0.0590058649372804,0.0778213440369273,0.50556064776,1.31887472744695
PLAG210, Single_Domain,,,0.0764797004390984,0.101971055522297,0.487713147885,1.33330877261343
PLAG211, Single_Domain,,,0.0253683445319426,0.0383699541389802,0.47745557312,1.5125131279523
PLAG212, Single_Domain,,,0.0423558722164445,0.0592882468367801,0.474193740825,1.39976451278842
PLAG213, Single_Domain,,,0.0211164606026262,0.0296075178371179,0.66050133665,1.40210608180406
PLAG214, Single_Domain,,,0.097350727083715,0.121430079682691,0.495787215751,1.24734640736961
PLAG215, Single_Domain,,,0.0705570541079907,0.0939928725923425,0.478582722297,1.33215415213456
PLAG216, Single_Domain,,,0.023414552473323,0.0428861597986555,0.434959542245,1.83160279691518
PLAG217, Single_Domain,,,0.0265088304989664,0.0339107287723183,0.68601867605,1.27922387121682
PLAG218, Single_Domain,,,0.0678683443662822,0.0926790146390176,0.49585839095,1.36557058381789
PLAG219, Single_Domain,,,0.0244621324197816,0.0453397328347991,0.48316465489,1.85346608614278
PLAG220, Single_Domain,,,0.0331153415475544,0.0444174699028195,0.423570196075,1.34129584135604
PLAG221, Single_Domain,,,0.02688394782976,0.0348083820013904,0.62864929925,1.29476452721197
PLAG222, Single_Domain,,,0.033133310364501,0.0508451910057761,0.473777866205,1.53456417262344
PLAG223, Single_Domain,,,0.0656926594122919,0.0906134000528345,0.491058612755,1.37935350560461
PLAG224, Single_Domain,,,0.0358746917352613,0.058211846807687,0.4384585630465,1.62264381913756
PLAG225, Single_Domain,,,0.0413210819281197,0.0550337672583281,0.490912738855,1.3318568800803
PLAG226, Single_Domain,,,0.0372991529963315,0.0536287195175352,0.482913826345,1.43779992866888
PLAG227, Single_Domain,,,0.0411720863088145,0.0618856181016297,0.46981170973,1.50309648234611
PLAG228, Single_Domain,,,0.0646210688887071,0.0893166492490476,0.4786397514346,1.38215988662881
PLAG229, Single_Domain,,,0.0523647423681989,0.0645379834537926,0.470293077375,1.23247018003065
PLAG230, Single_Domain,,,0.0398606143975002,0.0488706411789085,0.45948755114,1.22603833176172
PLAG231, Single_Domain,,,0.05883004772831,0.0781000791996176,0.51239035705,1.32755423827465
PLAG232, Single_Domain,,,0.0367405480358029,0.0613902814631659,0.484601050735,1.67091360214176
PLAG233, Single_Domain,,,0.0254421002685912,0.0323469274127861,0.7059192076,1.27139375567665
PLAG234, Single_Domain,,,0.0239203527697128,0.0316437351769112,0.7046932661,1.3228791181114
PLAG235, Single_Domain,,,0.0356557804307791,0.0492189440874631,0.501956510165,1.38039172029946
PLAG236, Single_Domain,,,0.0569087257495661,0.0804393980280615,0.51294390266,1.41348091999187
PLAG237, Single_Domain,,,0.0578663324419117,0.0767906283746232,0.49529715055,1.32703465269219
PLAG238, Single_Domain,,,0.0345469002507421,0.0518586026408587,0.4318971436185,1.50110725606257
PLAG239, Single_Domain,,,0.0565755065809061,0.0779041766281285,0.4681452907,1.3769947692244
PLAG240, Single_Domain,,,0.030354089859781,0.0505862983373086,0.48126143259,1.66653978330397
PLAG241, Single_Domain,,,0.0308815204588203,0.0443385516810357,0.500020607995,1.43576323387833
PLAG242, Single_Domain,,,0.0403328974480402,0.0684310419613014,0.45172688686,1.6966557398823
PLAG243, Single_Domain,,,0.0218058356364695,0.0302112193746312,0.70316903335,1.38546487638859
PLAG244, Single_Domain,,,0.0373845590810724,0.054848616970702,0.47242307257,1.46714628496104
PLAG245, Single_Domain,,,0.0428469388367915,0.0648310923533904,0.45900184319,1.51308574459284
PLAG246, Single_Domain,,,0.0249455302869512,0.0464971494144081,0.46413914285,1.86394712317382
,,,,,,,
,,,,,,,
