Filename,Volume,EVSD (mu),COG X,COG Y,COG Z,Eigenvalue 1,Eigenvalue 2,Eigenvalue 3,Major Eigenvector X,Major Eigenvector Y,Major Eigenvector Z,Bearing,Plunge,Ob_Sph_Pro,Dip,Strike
PLAG001,1.11659816791492,1.28716067510129,4.76390132630629,4.24496984562551,8.94186856667615,0.0387718877991352,21.521075756333,21.4852636065521,-0.570436545010218,-0.130006453816074,0.810987342739068,215.121988615234,7.4699652577802,0.00180307904642466,82.5300347422198,305.121988615234
PLAG002,0.0855992635967967,0.546794077652769,18.7533558139098,9.95564107177133,4.49783121050063,0.000343750117616681,0.235357636731261,0.235426310355275,-0.586297147295153,-0.12461418253526,0.800454221417212,216.221119356875,7.15847586283404,0.00146033069758816,82.841524137166,306.221119356875
PLAG003,0.120201105329538,0.612308017856329,19.7378615619181,13.5507556700209,10.1847009487561,0.000875769068184012,0.0858495405209745,0.0855049738294056,-0.24838742359516,-0.102374649982171,0.963235754548588,194.459722924154,5.87592986485872,0.0102217629068564,84.1240701351413,284.459722924154
PLAG004,0.0913743854293519,0.558824299282169,23.106405794347,6.93134912904722,3.53866299717967,0.00237534598779803,0.0221845158181371,0.0199612988052146,0.533891002180655,0.187747027593108,-0.8244461482841,212.926098682629,10.8213324121257,0.113034907583621,79.1786675878743,302.926098682629
PLAG005,0.0382736398182842,0.41811946023283,15.9261303086484,12.6209874936605,6.68198824918493,6.21054909260955e-05,0.0843678398111954,0.0844073554556757,-0.0049621986043909,0.972668497727233,0.232145148805783,1.22453451559664,76.5734777441808,0.000735955235985643,13.4265222558192,91.2245345155966
PLAG006,0.098247921809597,0.572499243063564,14.1514488638258,13.3679964593684,12.3959341878238,0.00118948951398577,0.0206566526617444,0.0212721773513659,-0.532916922637581,-0.128116634629773,0.836412387221538,212.503092286259,7.36077336004863,0.0567507328298553,82.6392266399514,302.503092286259
PLAG007,0.0428660593217579,0.434215157291043,13.4827395957399,5.51332586214669,8.54234208035781,0.000129427211281154,0.0495817600159546,0.0496797127130835,0.0105711811224054,-0.971979389278871,-0.234828271182901,2.57752363982405,76.4044813974369,0.00260780610562301,13.5955186025631,92.577523639824
PLAG008,0.0311457594217662,0.390361310617268,9.80899110307045,5.24197445040938,4.01226000400469,3.72613509165193e-05,0.079069946554705,0.0790909530338665,-0.0118571926267191,0.972123771274263,0.234168273484085,2.89871619805643,76.4397183439675,0.000471182848235604,13.5602816560325,92.8987161980564
PLAG009,0.0916088663979432,0.55930190117457,8.00143817002983,0.874584370271037,6.12860854267935,0.000768875854801503,0.0315243691909804,0.0318958926451469,0.517875939448832,0.123539444068741,-0.846488344337461,211.458017555935,7.09641833915349,0.0242478419164404,82.9035816608465,301.458017555935
PLAG010,0.0464847554138525,0.446105224340376,25.3317262633412,8.67878832983025,7.44808466024575,0.000137838493005409,0.031492076144157,0.0314243974931016,0.0131102470490976,-0.972097258590506,-0.234211531020859,3.20385058918961,76.4332410968874,0.00438163948267639,13.5667589031126,93.2038505891896
PLAG011,0.0636024446698874,0.495250659082452,12.9615072214841,4.93901792082687,7.51573092121882,0.000330860150527267,0.0222270712809,0.0221628620602379,-0.473084771415863,-0.125850067136491,0.871981972093541,208.481585177938,7.22984872430556,0.0149070213846771,82.7701512756945,298.481585177938
PLAG012,0.103373582891805,0.582286849803792,11.7231895633845,0.494253719385297,10.1340106318151,0.00135679475625892,0.0158988759816043,0.0164204866204976,-0.518403478512697,-0.578976544568414,-0.629320263701682,320.519960393073,35.3785903889741,0.0839836030918486,54.6214096110259,50.5199603930735
PLAG013,0.0322057034066991,0.394740229168002,22.3167013115802,3.42064509415064,14.2259166754763,4.18575434971771e-05,0.0333467544782837,0.0333560378172195,-0.00368072351602915,0.970279472631137,0.241959081799054,0.871526112399636,75.996151072593,0.00125504623921905,14.003848927407,90.8715261123996
PLAG014,0.0309558206655357,0.389566167854921,10.9224483118422,5.36507564896859,6.44742611608497,6.29734657155157e-05,0.0257456106801662,0.0257826714768992,0.00986188479775263,-0.972662563147918,-0.232013537274786,2.43392888984039,76.5720134426438,0.00244423045578859,13.4279865573562,92.4339288898404
PLAG015,0.0422740504152775,0.432206950058075,17.2396485245126,6.65522126833565,3.66269837811682,0.000145722491025464,0.0158025597623919,0.0157813097643222,-0.508715891448663,-0.129385129734833,0.851156642452547,210.865747466703,7.43406277116657,0.00922765697643604,82.5659372288334,300.865747466703
PLAG016,0.0475004428479622,0.449330961914421,26.5119292759144,11.9338470934957,7.98186571015218,0.000277827404732752,0.0090616953063865,0.00893024860746139,-0.973453782998635,-0.0727100573381671,0.217027601764216,257.431681863741,4.16965892437203,0.0308851823986907,85.830341075628,347.431681863741
PLAG017,0.0447217537301505,0.440392655754973,19.9672760526269,4.23421774932689,8.08673386763502,0.000240360068354597,0.00943762886537994,0.00957024244070744,-0.566581818103362,-0.270449867082016,-0.778358473192146,323.948420260656,15.691038309493,0.0252918135504636,74.308961690507,53.9484202606557
PLAG018,0.0196248907378163,0.334659282076627,8.88651159203623,12.8002835611968,11.3236470878342,2.55658202000512e-05,0.0241539639583759,0.024151483904652,0.566135324624415,0.150998605050103,-0.810364248647071,214.938855908017,8.68480160617342,0.00105850670673557,81.3151983938266,304.938855908017
PLAG019,0.0202584635009657,0.338222602531603,11.4754599225134,8.42228851977498,14.477512775507,3.17632858017978e-05,0.0142505014949928,0.0142620144616267,-0.577453416248674,-0.102490573390114,0.809964958766058,215.486449335099,5.88260690849495,0.00222802442470678,84.1173930915051,305.486449335099
PLAG020,0.00429336139952359,0.201650641686787,24.4985476549854,11.8568965486988,12.2807312709175,-2.65788546789669e-06,0.000465209640125979,0.000460778112777291,-0.0335513710012312,0.972429167873368,0.230772223140151,8.27212473668902,76.5145491282268,0.00574078077181957,13.4854508717732,98.272124736689
PLAG021,0.0150904914492761,0.30659724900879,24.4082883565537,11.3970289763378,12.0387357948311,3.38444503468404e-05,0.00274449421498793,0.00275437570846321,0.0195197328482389,-0.973979698379821,-0.225793107010569,4.94091524601876,76.9009432281301,0.0123096418390241,13.0990567718699,94.9409152460188
PLAG022,0.0336563336723733,0.400580121664773,19.6910726176682,8.26943966621125,15.207984639571,0.000244436539125652,0.00376058859009894,0.00358989845143012,0.149002176510679,-0.967159877800747,-0.2059128994685,35.8901569331213,75.2756627074381,0.0665448206594842,14.7243372925619,125.890156933121
PLAG023,0.0326433383489378,0.396520198334342,25.3523640108076,6.31570041956582,6.86215647749051,0.000109688658721483,0.00584589059586309,0.00580704868093061,0.0131600275613063,-0.971993602107443,-0.234638554242017,3.21014975287383,76.4079461120325,0.0188261304407609,13.5920538879675,93.2101497528739
PLAG024,0.0215401650850377,0.34521007993297,6.91650573118798,8.38083652589204,12.2094412596454,4.2670945560159e-05,0.00752222947986158,0.00752672330125431,-0.507638712424591,-0.129129889745923,0.851838252969488,210.792118678563,7.41931487781804,0.00567095265508116,82.580685122182,300.792118678563
PLAG025,0.0200448293198259,0.337029497945384,11.0447014358268,14.1867370613523,4.49785653308672,3.63037598656085e-05,0.00769650901708965,0.00767912359140609,0.00983810689801915,0.969685765387397,0.244157179000991,357.692563312831,75.8562623704419,0.00472225204709773,14.1437376295581,87.6925633128313
PLAG026,0.0227590260413611,0.35160228068348,16.5626603587202,13.5480034432164,9.30885662362432,6.4322868610028e-05,0.00464970410443499,0.0046161902158488,0.490663209697382,0.132777493450078,-0.861173473745318,209.672811015209,7.63012267368883,0.0138839723120021,82.3698773263112,299.672811015209
PLAG027,0.0303511702328668,0.387013046884609,26.9250549144803,15.1616855760448,10.0248214624387,0.000152407523343011,0.00282950627292468,0.00277020480049425,0.463998741351953,0.0867444498275911,-0.881578452803783,207.759053712613,4.9763450622731,0.0544401722812565,85.0236549377269,297.759053712613
PLAG028,0.0238071926846525,0.356919153970687,14.7963111646647,2.14591009702101,3.55229044695099,5.60764943509564e-05,0.00533105182368016,0.00531997113751104,-0.480009360828549,-0.137193254812119,0.866469286444144,208.985712897954,7.88546437576744,0.010529797043412,82.1145356242326,298.985712897954
PLAG029,0.0292544695901142,0.382294340439509,16.2232563641286,5.22275697145671,9.05720889899623,0.000122880082222946,0.0040007428269922,0.00394894515018912,-0.488597565754362,-0.126332007975533,0.863314915022196,209.507916988,7.25768406354965,0.0309157540697357,82.7423159364504,299.507916988
PLAG030,0.0130981331655657,0.292462548253926,5.1458786560767,14.187044491022,4.21240709357561,1.98013158305543e-05,0.00466819225464794,0.00465725087851815,0.00813707575466586,0.969683240166108,0.24422981337077,358.091765707276,75.8556702754433,0.00424673504650563,14.1443297245567,88.0917657072756
PLAG031,0.0146096827089745,0.303305803741367,2.30471856143734,6.97259388526155,7.57086087203717,2.4391816016817e-05,0.00454529575179765,0.00456135243465976,-0.020831699109427,0.972400950041227,0.232384234988378,5.12249302474294,76.5076178855078,0.0053569417303088,13.4923821144922,95.1224930247429
PLAG032,0.0133128453835714,0.294051966815281,26.8705358342909,7.88621832445525,13.0901044812413,1.68609834281727e-06,0.00480357480918727,0.0047947113943162,-0.0377236509513019,0.97226031710444,0.230839342277002,9.28120710129099,76.4731257122901,0.000351333507850675,13.5268742877099,99.281207101291
PLAG033,0.0187853168695256,0.329817200405768,11.486236913912,7.60132175187683,10.3120765062589,4.84362087736613e-05,0.00243213227312754,0.00244791056983357,0.0063816722964228,0.970167468091228,0.242351723980165,358.491620331499,75.9696560884193,0.0198509384768359,14.0303439115807,88.4916203314991
PLAG034,0.0153723781104418,0.308494537650205,19.3255637717529,8.88074878400008,3.94675088517438,2.60922427378673e-05,0.00324066098079532,0.00322862337171571,-0.49165954399635,-0.127080655908129,0.861464682788135,209.714488951507,7.3009269574103,0.00806652843074046,82.6990730425897,299.714488951507
PLAG035,0.0152825444984464,0.307892433059827,12.8432873307332,8.6900072452846,12.5979724808728,3.02088342137365e-05,0.00294922552147943,0.00295590477660954,-0.586217128995591,-0.111375477591953,0.80246182505047,216.14900203616,6.39461189414186,0.0102313992536021,83.6053881058581,306.14900203616
PLAG036,0.0194983542245003,0.333938463461536,10.2576245889627,-0.214058624272366,15.0345438641477,7.31448994572099e-05,0.00245979570537729,0.0024736478129283,-0.456469907470243,-0.03044726787494,0.889217739056672,207.173185999279,1.74476959518562,0.0296529091068006,88.2552304048144,297.173185999279
PLAG037,0.0276571245448376,0.375205734802633,6.56029700080374,1.80094056651741,6.68095268546797,0.000165876360259548,0.00126727560101412,0.00127919905386112,0.666184212730773,0.0414634260436551,-0.744633721375148,221.817306074366,2.37636056115848,0.130282071915893,87.6236394388415,311.817306074366
PLAG038,0.0117713837823286,0.282234195873225,-0.375589831426003,4.40285430483817,11.8118730245659,2.25121869468715e-05,0.00155581518172825,0.00157211293955263,-0.0132458029707178,0.973354604238455,0.228922176976067,3.31153302155565,76.7438383160452,0.0143947029839157,13.2561616839548,93.3115330215557
PLAG039,0.0132372973951457,0.293494680749829,14.1206921796213,8.94662223181059,10.8410711637361,3.09488402619905e-05,0.00154430219900643,0.00154831238624625,-0.607672644712093,-0.0947812879529794,0.788511549898025,217.619927464392,5.43873173401333,0.0200147101729634,84.5612682659867,307.619927464392
PLAG040,0.0170316875782059,0.31921725097203,18.5084179301125,3.18656518717964,5.2330888328276,4.58410210135692e-05,0.0016721871450982,0.0016593258554094,-0.498993081456383,-0.14346215884413,0.854648766241691,210.278839219204,8.24823634273126,0.0275200512228977,81.7517636572687,300.278839219204
PLAG041,0.00784904286153202,0.246569502812689,-0.138570773135658,14.5172918049003,7.75678291786125,1.2184219707189e-05,0.0012968034500872,0.00128868926934892,0.00809407633282684,0.965773489986684,0.259260586991658,358.211815242906,74.9663136752691,0.00942515878855867,15.033686324731,88.2118152429056
PLAG042,0.0182112028166254,0.326422437089803,22.9470969067636,3.74715710581202,9.34441455075935,6.75658014987167e-05,0.00122576877339987,0.00120823102117991,-0.511489010693305,-0.112142042205703,0.851940816201406,210.979801693009,6.43880969536905,0.0555212121400985,83.561190304631,300.979801693009
PLAG043,0.0159175068743783,0.312098830490374,10.9393767049011,6.1539010651065,4.8832815970251,5.16579298261044e-05,0.00100641768361979,0.00098728925942154,-0.5179878977729,-0.123931977160392,0.846362453561078,211.467325512652,7.11908300197571,0.0518257567266982,82.8809169980243,301.467325512652
PLAG044,0.00667627194007169,0.233620956996187,4.83938311855791,9.21966965235738,10.8992064108039,6.27858160089307e-06,0.00197530673193553,0.00197841312289904,0.0127738480661376,-0.972598509084237,-0.232139977023998,3.14960927085576,76.5562186702427,0.00317603963215737,13.4437813297573,93.1496092708558
PLAG045,0.0186772988546219,0.329183820914268,26.714782242639,5.69707031023792,8.42530433541722,0.000110713141006705,0.000708687660184033,0.000652809265199241,0.50051779367448,0.0878611089948875,-0.861256270654339,210.162948700095,5.04057014587013,0.1629088436404,84.9594298541299,300.162948700095
PLAG046,0.0100931581080204,0.268128400878542,27.0348935886443,15.0064908381594,14.0366911988543,4.04029941588585e-05,0.000576971580798186,0.00053771555579006,0.49879430225011,0.172604852281435,-0.849359646446504,210.423979798754,9.93930534170198,0.0725820987306543,80.060694658298,300.423979798754
PLAG047,0.00757885908181303,0.243707224257572,25.1213169520122,14.812549673112,5.85249354353768,1.14319789470363e-05,0.000743834927046427,0.000735513381526457,0.0357638763021385,-0.980176726567502,-0.194870546382109,10.3995557897402,78.5726543008523,0.0154559147775535,11.4273456991477,100.39955578974
PLAG048,0.00412896359937287,0.19904326054804,25.0749997122923,11.8778599736132,13.0548778357335,4.15037243681649e-06,0.00141141880604357,0.0014156066586847,-0.0158263754112281,0.973479926148431,0.228224361599258,3.96686474080022,76.7751885398434,0.00293621801172631,13.2248114601566,93.9668647408002
PLAG049,0.00577989232235747,0.222659061980083,26.8950820298239,4.87607445517023,12.3684627883974,1.38643451447933e-06,0.000861816204800887,0.000865736878249665,0.00545828138548938,0.972183471468349,0.234157009222587,358.664657264952,76.4543146750108,0.0016050929712091,13.5456853249892,88.6646572649518
PLAG050,0.0126063330036061,0.288755357599534,2.0338762126682,13.1078039634289,14.2566493651509,4.44861472420838e-05,0.000408419028865137,0.000393640375252102,-0.142439146900136,-0.31742342065737,-0.937525179101093,351.361061059,18.5071756440628,0.110967481405177,71.4928243559372,81.3610610589998
PLAG051,0.0139593128433878,0.298736626703346,11.3578872551621,9.93316321086847,4.45138701001451,6.45073182200507e-05,0.000313763364721484,0.000329731350829769,-0.992472192496082,-0.122341090779433,0.0056217994376868,269.675454951244,7.02723291329981,0.20061412177821,82.9727670867002,359.675454951244
PLAG052,0.00633697230458126,0.229594279044495,7.31403679239814,7.96286021733075,13.4587847363887,7.82506595368418e-06,0.000593573331221861,0.000598162936829018,-0.0147978794972498,0.972380676474821,0.232930982869937,3.63506027960452,76.5026401765414,0.0131324055902036,13.4973598234586,93.6350602796045
PLAG053,0.0126814082983747,0.289327437816714,18.2747480293988,2.05226739833968,10.8478031369646,6.21151005519662e-05,0.000246251240687575,0.000277970009431083,-0.662736200356592,-0.120909742328196,0.739027443974198,221.884740162603,6.94460928873812,0.237851256273874,83.0553907112619,311.884740162602
PLAG054,0.00352395846799218,0.188803795090576,18.7400183574354,2.95690123758144,5.86566039670392,2.61048524622407e-06,0.000594441057728495,0.000596141703780685,-0.0187427249609391,0.971624356152658,0.235785539827981,4.54491703296856,76.3182129723267,0.00438523159747204,13.6817870276733,94.5449170329686
PLAG055,0.0057740484470011,0.222583995380739,11.0725539132383,4.98583970893235,7.82701211827907,8.15035316109939e-06,0.000394413954883473,0.00039979343165193,-0.00760109191792044,0.971329079960082,0.237617427444949,1.83219737868205,76.2468690583072,0.0205254376753869,13.7531309416928,91.832197378682
PLAG056,0.00282940979099985,0.175481933094614,11.6132839177347,14.4708959215729,14.8980689371162,8.40005499482704e-07,0.000681204935653908,0.000680240759407127,-0.969521088206741,-0.0764149634956156,0.232786625209397,256.498591618509,4.38252708705917,0.00123399107850284,85.6174729129408,346.498591618509
PLAG057,0.00550875296382181,0.219121449240598,26.8953418642909,6.22265675569222,12.6903432204213,5.31745790234312e-06,0.00044138626603845,0.000443923812643516,0.0148174765505113,0.973003741544858,0.230313180969704,356.318880158479,76.6564521304471,0.0120127438208311,13.3435478695529,86.3188801584793
PLAG058,0.0107948608770924,0.274203383294677,10.1400161965163,10.9443122475568,11.3511440359029,5.29004299906671e-05,0.000171269208100086,0.000149075624559171,0.176595762309572,-0.048091268383603,-0.983107912001301,10.1834432380288,2.75648992813974,0.331864656207684,87.2435100718603,100.183443238029
PLAG059,0.00726178102334233,0.240260019960282,12.2723529248906,2.91306058188977,15.0169267838712,1.2744424922414e-05,0.000301288770586905,0.00030620401378251,-0.00779459986578761,0.970793440286661,0.23979020102857,1.86179617097912,76.1183669937845,0.0419601997457663,13.8816330062155,91.8617961709791
PLAG060,0.00573372406714897,0.222064629151024,13.1771178728422,8.01547551786655,13.2999158783438,6.17527311643027e-06,0.000361248610411806,0.000362164241454235,0.0388094368414491,-0.977435799821582,-0.207636906255112,10.587001407835,77.8053980968626,0.017072638379157,12.1946019031374,100.587001407835
PLAG061,0.0052000305637853,0.2149491628242,-0.568282745999239,14.3025735418392,13.6457317301806,9.4567642946523e-06,0.000191839622626131,0.000185918795442171,0.449959358051723,0.0935069293371253,-0.888140208676323,206.868186749076,5.3653906199513,0.050080091257255,84.6346093800487,296.868186749076
PLAG062,0.00495230742549602,0.211480173538732,0.963849154514372,14.5939184914004,13.0121541215175,8.1796519898774e-06,0.000204377789551175,0.000199262470036963,-0.498092880155326,-0.127321874835394,0.857725260749019,210.144325811591,7.31486097092757,0.0405359261969434,82.6851390290724,300.144325811591
PLAG063,0.00835320410047539,0.251739572430042,24.6352001328033,5.70487442143228,9.8092169360201,3.17785733759118e-05,0.000153207038848885,0.000135573435354864,-0.320066220020221,0.439023790244079,-0.839533040684934,159.130994930598,26.0416116939547,0.220911796046854,63.9583883060453,249.130994930598
PLAG064,0.0104921206653528,0.271615709520243,11.0948192416506,12.142621604832,15.5730236770524,6.63308194180905e-05,0.000102043477032165,0.000104475080387325,-0.779531693511567,-0.617511469257858,-0.104928185660434,277.666170914196,38.1346356384572,0.642460582496186,51.8653643615428,7.66617091419585
PLAG065,0.0049232509046359,0.211065758280221,20.6587096155687,5.16882912182808,13.6638126308612,7.10235323967085e-06,0.000271363136625468,0.000274815240139907,-0.0108373160265536,0.973513120091106,0.228374161392705,2.71688794147235,76.7835044901388,0.0260084883631301,13.2164955098612,92.7168879414724
PLAG066,0.0118322310143337,0.282719657474059,18.1161094310948,2.42057538292767,9.91790257455924,0.000136988603370072,0.000112012337445579,7.33714015960749e-05,0.0683360039123023,0.286431834564001,0.955660501808879,355.909936980114,16.6444552417588,0.595315937871608,73.3555447582412,85.9099369801136
PLAG067,0.00732417019934702,0.240946118905391,8.80257573490555,6.03465687888986,12.6624353484477,3.58390230488012e-05,9.86430058990139e-05,0.000127280423705931,-0.0585086813258973,-0.71751915514618,-0.694077082324303,355.181524082026,45.8500353073995,0.322447882172155,44.1499646926006,85.1815240820259
PLAG068,0.00406871478625208,0.198070383126387,-0.111436358529999,12.6532071747112,3.41920612429908,3.75812326417613e-06,0.000294294662696838,0.000292377238656686,0.500108015356161,0.132234939975671,-0.855807159134669,210.300733111045,7.59876009932009,0.0128118063932405,82.4012399006799,300.300733111045
PLAG069,0.0118319404082632,0.282717342871928,1.96605316548895,10.5415148861602,8.12015349247374,7.05028028237707e-05,0.000137328762689773,0.000125192711878025,-0.968974377785518,-0.0242408562447175,0.245969583655563,255.756585829167,1.38903481449555,0.538270610125384,88.6109651855045,345.756585829167
PLAG070,0.00367397529879609,0.19144581182804,19.9331489550117,0.14164961806991,2.94376281354141,5.54024839506735e-06,0.000129020070016119,0.000133494297125876,-0.0122265962197202,-0.975301859541303,-0.22053750955372,356.826771253439,77.2395000850607,0.0422213710054774,12.7604999149393,86.8267712534388
PLAG071,0.00889978496952611,0.257114733473045,7.22061752057254,9.30533597611122,2.99125274960996,3.52227329488006e-05,0.000147040847383813,0.000130193468922586,0.538510777984416,0.0856430139510499,-0.838254982780299,212.717452551368,4.91300169286426,0.255042669533703,85.0869983071357,302.717452551368
PLAG072,0.00598658887010354,0.225282230401977,4.78467372510408,9.48310817792152,3.06317556208844,2.80180452605492e-05,8.53576442273237e-05,0.000109826493640701,-0.578080590096466,0.543408303906039,0.608711957004036,43.5215120484846,32.9159596655074,0.291677425919443,57.0840403344926,133.521512048485
PLAG073,0.00710842811885233,0.238556718020394,-0.309675553391667,8.37380386011869,14.0766277879038,2.93669409420168e-05,8.83311834477172e-05,7.22407722127811e-05,-0.0952874015762238,0.852108868782623,0.514617126456991,10.4901781293576,58.4417878110097,0.369489398691501,31.5582121889903,100.490178129358
PLAG074,0.00769474171232372,0.244943061331592,24.7452687215629,8.16307310603271,9.96629571661394,1.97252522360607e-05,0.000172150806915264,0.000163086078330549,-0.844404904502445,-0.159182344123817,0.511508884156926,238.794087843609,9.15943974868161,0.117765590601046,80.8405602513184,328.794087843609
PLAG075,0.00435444320744456,0.202602439095614,25.7498604643618,13.8193286570963,11.333860141839,8.39782060547201e-05,7.44561932075515e-05,1.61051554585269e-05,-0.0141177746588335,0.957875465469371,0.286836680169253,2.81775913233537,73.3105648687238,0.204040785254599,16.6894351312762,92.8177591323354
PLAG076,0.0024301560668009,0.166806068954937,14.0615186429815,0.408270695630748,10.9056865191142,1.53322143802155e-06,0.000108853080136207,0.000109875650188273,-0.00322862006326212,-0.967804734937196,-0.251681487292232,359.265038684459,75.4217377890972,0.0140196941376639,14.5782622109028,89.2650386844588
PLAG077,0.00476885241446838,0.208835865545106,4.69907808508594,8.43012766223225,10.4433188294957,7.58517487937257e-06,0.00011780004606222,0.0001169188195778,0.482094298722383,0.110160656769691,-0.869166104285852,209.015511867063,6.3245768076016,0.0646329111780981,83.6754231923984,299.015511867063
PLAG078,0.00337043199927791,0.18602114605696,1.16171311483258,14.9581553891414,11.5704973984767,4.12137846941405e-06,0.000110955568670666,0.000108178718495723,-0.0184070631484276,-0.962683332589229,-0.270003668829048,356.099987401715,74.2982185886572,0.0376211356875512,15.7017814113428,86.0999874017147
PLAG079,0.00782250684055785,0.24629132193626,8.60950264680987,0.821433557489544,10.3463489366302,3.15144902105025e-05,8.14788108154249e-05,7.38936854786702e-05,0.377357381131455,0.175204971582449,-0.909342963264358,202.537377780486,10.0905864040568,0.40663281630351,79.9094135959432,292.537377780486
PLAG080,0.00317853160314252,0.182421478168439,7.94685641736169,6.04828057020017,7.76877880890666,2.85274248902338e-06,0.000129025095985086,0.000130527182454005,-0.00632926367070577,0.976121990684964,0.217130835494661,1.66967273916617,77.4540176857543,0.0219827624186705,12.5459823142457,91.6696727391662
PLAG081,0.00364984315482989,0.191025726414292,22.9703338317817,12.414651328119,11.9446832119104,4.13080348572637e-06,8.12082579798619e-05,8.05870154324382e-05,0.498542680820265,0.185789469359664,-0.846721600336024,210.489225095407,10.7071636532746,0.0510628561715104,79.2928363467254,300.489225095408
PLAG082,0.00721968277219776,0.239794838611011,19.337625469287,2.37963661911592,7.79919167498444,5.74345899701723e-05,5.03491913509923e-05,3.45562448812277e-05,-0.0499629351448355,0.345634511350274,0.937038147396023,3.05212446432927,20.2205335029433,0.643997139265278,69.7794664970567,93.0521244643293
PLAG083,0.00358861356406829,0.189951483926685,13.9021195256617,10.5070233495971,3.33496093657954,4.64728939869935e-06,9.83270416005073e-05,9.6222328674566e-05,0.503773400666742,0.12632466724727,-0.854549260853658,210.520176156845,7.25726007400226,0.047780502853648,82.7427399259977,300.520176156845
PLAG084,0.00524317761536127,0.215542036828119,14.6915664216034,9.06076832738803,10.060212223628,1.46844650908873e-05,4.63519308796308e-05,4.8619465498864e-05,-0.773160386426336,-0.0751674073142072,0.629740325641243,230.837131026101,4.3108411890985,0.309416129142715,85.6891588109015,320.837131026101
PLAG085,0.00299617879026452,0.178864039347503,17.2477849903027,6.21000725817408,10.0344695253883,3.46317364581645e-06,7.15729993068829e-05,7.42193872425945e-05,-0.0132060790410039,0.973623726163611,0.227777170339016,3.3181836424589,76.8112513735091,0.0475239506269811,13.1887486264909,93.3181836424589
PLAG086,0.00363814664144072,0.190821450422791,15.4569188045996,7.3227354819146,4.82196822649939,3.9562962235116e-06,9.8830377349289e-05,9.83892052399422e-05,0.510033088248335,0.151065026032755,-0.8467854550012,211.061260962864,8.68865140962275,0.0401209247978088,81.3113485903773,301.061260962864
PLAG087,0.00233486403413134,0.164596649685888,10.2199718683546,14.4772115249014,7.71761498838499,1.57492856058114e-06,9.88277968021986e-05,9.8246661492541e-05,-0.0165322896608393,-0.972048462301487,-0.234197502838703,355.962118676795,76.4213277232531,0.0159832204446661,13.5786722767469,85.9621186767948
PLAG088,0.00384687876596367,0.194403147660931,12.0990959932935,13.0443960786507,10.4303280925139,1.31776900667915e-05,3.61925929786399e-05,2.64973787152776e-05,-0.29336075430647,0.0557445897772457,-0.954375192753513,162.913349606264,3.19558621009401,0.430709801814461,86.804413789906,252.913349606264
PLAG089,0.00268915803816653,0.172533156512237,18.4565972777797,14.7685471698205,13.3539662943893,2.97997277336543e-05,2.28696799341095e-05,8.86004212189075e-06,-0.0757147930056206,-0.898913457773558,-0.431534315615459,350.048469298731,64.0156116233291,0.342366956677338,25.9843883766709,80.0484692987305
PLAG090,0.00186682487552995,0.152768911998327,21.7256386806806,14.626021173198,12.6610872171852,2.66368245392361e-06,0.000129207001344028,0.000131557237335035,0.0366050202334539,0.962589805296675,0.26847893629225,352.236037386801,74.2784298660642,0.0204314737413185,15.7215701339358,82.2360373868007
PLAG091,0.00485598066767063,0.210100027342216,15.0895473844896,10.5957857495089,14.0866157761126,1.90158549295465e-05,4.17468885678658e-05,2.96191391435763e-05,-0.997388712701322,0.021298367751621,-0.0690082263727844,93.9579242487885,1.22039886086404,0.548757968284983,88.779601139136,183.957924248789
PLAG092,0.00420679477376022,0.200286142033488,13.7121858792912,5.56976204170617,13.4664728419028,9.53746550818301e-06,4.12540088829334e-05,4.27196490475779e-05,0.030855550304064,-0.97607245886645,-0.215245185910941,8.15781418580829,77.4409596261888,0.227222964899434,12.5590403738112,98.1578141858083
PLAG093,0.00227180876778716,0.163101410313897,8.09398665648091,8.12947165599216,8.90297977999967,1.33855392245798e-06,8.39537773808088e-05,8.46409885185244e-05,-0.0269643225715231,0.974721629985517,0.221789696213856,6.9317777625142,77.0898500134687,0.0158792137507191,12.9101499865313,96.9317777625142
PLAG094,0.00285972065528354,0.176106342174913,25.3044476640101,12.0312280480866,14.9470601230635,4.37720534160417e-06,5.29037512088482e-05,4.98903692380718e-05,0.476427464665156,0.194882657521197,-0.857343350537115,209.061017979914,11.2378688547888,0.0852377572634221,78.7621311452112,299.061017979914
PLAG095,0.00296361229211328,0.178213632196575,8.36626880814514,9.15966940310156,13.8788125136919,2.99381250352228e-06,5.62045968452774e-05,5.54231005673466e-05,0.014018824928005,-0.972896813137741,-0.230814348631245,3.47566786910022,76.6299319508109,0.0536418705280625,13.3700680491891,93.4756678691002
PLAG096,0.00529974815408633,0.216314452480651,9.03536783894382,11.0983930515884,10.4789061965139,2.00279340689701e-05,3.91834276472191e-05,3.10603550899004e-05,0.235978650344789,-0.0277618541466761,-0.97136159901233,13.6546827554767,1.59084146773786,0.577969881931894,88.4091585322621,103.654682755477
PLAG097,0.00500031356654403,0.212161318516755,4.81869322956462,14.231534405203,10.227285317758,1.88060458107286e-05,2.97520306509681e-05,2.6468257662232e-05,0.0928643365318428,0.698517207758595,0.709542053345421,352.543552988167,44.3081601011038,0.671303012306235,45.6918398988962,82.5435529881674
PLAG098,0.0018207092799839,0.151500475000783,10.6985392312908,3.34474011447505,12.5377173944287,1.52941281127925e-06,4.02448091296858e-05,4.16037634524919e-05,-0.0093874691924438,0.97729466167,0.211676686702815,2.5392978973741,77.7671740997978,0.0373820700973538,12.2328259002022,92.5392978973741
PLAG099,0.00219467234249926,0.161234146422036,18.1893741531079,15.0538427422924,3.88552932287173,3.88084697891558e-06,3.71451470348011e-05,3.60154797936655e-05,-0.0799267011743814,-0.955872577406397,-0.282700085252609,344.21301601036,72.9155101454841,0.106116435764771,17.0844898545159,74.2130160103599
PLAG100,0.00484228865038455,0.209902374085807,22.0740279149122,9.87097452068377,3.1009224797994,2.97867770300734e-05,1.9458616851989e-05,2.27139061120886e-05,0.513893437880922,0.823977529456307,0.238693454987787,294.913947014784,55.4849650010971,0.754973285923942,34.5150349989029,24.9139470147837
PLAG101,0.00204315946242654,0.157434972878988,21.8212536890835,14.0865347112394,14.05043007699,6.00052953669819e-06,1.21810022043136e-05,1.73381159513163e-05,-0.889997290962476,-0.142497530789248,0.433127320540303,244.049601565666,8.19239347209117,0.419351341564655,81.8076065279088,334.049601565666
PLAG102,0.00248563339165623,0.168065853009435,21.5091097325721,4.88400335698889,5.28567726407048,1.56871040380916e-06,3.52554830452511e-05,3.44303970862199e-05,-0.00141256724292056,0.972010923017339,0.23493141592551,0.344496991521225,76.4121696671626,0.0450286441107092,13.5878303328374,90.3444969915212
PLAG103,0.00348404001874091,0.188088180028302,0.170199572285778,4.52582222934947,5.51437209494322,1.58348672598824e-05,1.83852229712293e-05,9.57349544306445e-06,-0.0815238529195989,0.945141784220987,0.316323993912434,14.4519272609884,70.933800648093,0.562650049230761,19.066199351907,104.451927260988
PLAG104,0.00313223213954128,0.181531406708366,14.7081743611394,4.72616285474802,13.7463053296928,7.25999786916814e-06,2.01550713400326e-05,1.62825032860264e-05,-0.996302357569407,-0.06197928561695,0.0594994155942212,266.582341491798,3.55342900671543,0.403042129641602,86.4465709932846,356.582341491798
PLAG105,0.00196733370180446,0.15546279442297,4.44156492446435,8.72970314943921,5.40369214232392,1.41809183131768e-06,3.34646501443994e-05,3.31584759216129e-05,0.034459981858077,-0.97366571397171,-0.22536101500992,8.69376463464073,76.8217995543033,0.0425714572499639,13.1782004456967,98.6937646346407
PLAG106,0.00261470320486686,0.170925919797537,23.8163375768765,13.0349863586669,15.3052607832172,1.19893913769899e-05,9.73118535701438e-06,5.55355075759017e-06,-0.0306167453715486,0.499249179644122,0.865917358370604,2.02499673825019,29.9503385447214,0.516950810032896,60.0496614552786,92.0249967382502
PLAG107,0.00242607190586478,0.166712570867301,25.2686629340157,8.03192049017074,9.75427189758537,1.6548089759257e-05,1.37465419012694e-05,6.11364899723617e-06,-0.0656105766110283,-0.957064900837747,-0.282350894847531,346.918199266698,73.1496038140715,0.407094142607308,16.8503961859285,76.9181992666978
PLAG108,0.00239401999177983,0.165975142484808,10.8506818792258,12.958801285136,12.805199624878,1.17369505090321e-05,9.89528140439507e-06,4.65481893385734e-06,0.108530701988091,0.412401841072771,0.904514128251052,353.157913071926,24.3558042661911,0.433501599423048,65.6441957338089,83.1579130719265
PLAG109,0.00198071472355151,0.155814463694156,3.39483368024726,14.6407148099791,3.71562216529612,2.88177375701727e-06,1.30815231743958e-05,1.19569902191756e-05,-0.260612342416095,0.464984967605354,-0.84609112209114,162.880160936059,27.7092491829481,0.230652537905082,62.2907508170519,252.880160936059
PLAG110,0.00105325824065735,0.126234698701416,4.31557458338153,13.5598939673116,13.6591554195917,5.25175797177636e-07,2.08828013491479e-05,2.07990509491057e-05,-0.464783747514481,-0.156373006923661,0.871506483482509,208.071478066469,8.99643483353785,0.025199356001051,81.0035651664622,298.071478066469
PLAG111,0.00227764721831392,0.163241011988103,23.3842774114305,12.3569855594079,4.09283769250361,1.45242949509438e-06,1.70131143027407e-05,1.52812610898781e-05,-0.0361385705152716,-0.967971756384295,-0.248444526128905,351.723839576196,75.459806047241,0.090208806613252,14.5401939527591,81.7238395761961
PLAG112,0.00252032483652365,0.16884412960667,3.12995610682375,13.446790017792,9.14236619090356,5.76847218496954e-06,9.89816028877227e-06,1.26287831328466e-05,0.756306752482444,0.579255817807273,0.30407695355927,291.902842693013,35.3982178355071,0.519777035271019,54.6017821644929,21.9028426930134
PLAG113,0.00284405664468783,0.175784214723851,21.634520111597,8.28846973892547,14.9461336743257,6.85382328569654e-06,1.24353100946565e-05,1.42724694367363e-05,-0.767275921547791,-0.573887037442815,-0.286253957995514,290.459451091538,35.0217279506157,0.515685533467126,54.9782720493843,20.459451091538
PLAG114,0.00167595202239268,0.147374039126146,8.58667796090693,4.48415456139354,9.84292517655434,2.8565752897618e-06,9.43575091240719e-06,1.11986201832604e-05,-0.0818318551686487,0.978689829507289,0.188334184625765,23.4851131138813,78.1503543315252,0.278911186555886,11.8496456684748,113.485113113881
PLAG115,0.00146741886786295,0.140988976836896,1.58279156580079,14.8019958979752,11.9674693708397,1.04900294859674e-05,9.52176012584607e-06,1.73640035116445e-06,-0.0102379900160556,-0.957943038157047,-0.286775729807941,357.955389732094,73.3240515240317,0.173944961058549,16.6759484759683,87.9553897320938
PLAG116,0.00204012338521831,0.157356952914541,17.435894623055,6.73013804086237,13.1823287223339,1.19205871828211e-05,9.36410358796639e-06,5.41273094961334e-06,-0.135931484732321,0.910426841053739,0.390698859158018,19.1837474959294,65.5644045950286,0.516047801107938,24.4355954049714,109.183747495929
PLAG117,0.0019319585313596,0.154525346454056,26.1699994541259,7.02364151715141,12.2560533609965,9.33705517663465e-06,7.92994087131935e-06,3.69557113996699e-06,-0.109201635727936,-0.983695891567501,-0.142889452611321,322.611541122669,79.6395648935407,0.43091189886641,10.3604351064593,52.611541122669
PLAG118,0.0015705991709162,0.1442189227267,1.67446834433312,9.95137845311115,12.785427280569,1.24502380910064e-06,1.62752129510421e-05,1.6220722894273e-05,0.465776533620527,0.187785132091026,-0.864747919855262,208.308102354446,10.8235551735729,0.0766266474509558,79.1764448264271,298.308102354446
PLAG119,0.0018941812322301,0.153511518969992,18.7338147041478,1.26497835493926,9.06111830661499,8.96371338147308e-06,4.23286346226035e-06,5.72203091966839e-06,0.933627032968389,0.268355947569798,0.237330252421724,284.262635849262,15.5664595483457,0.605985266107654,74.4335404516543,14.2626358492616
PLAG120,0.000990681838518147,0.123683526566367,6.72587542850333,12.545518354313,7.22944575614461,6.61961311174673e-07,9.59173615863794e-06,9.43436593311301e-06,-0.524259965690698,-0.119663189708708,0.843108658123451,211.874084111505,6.87266470627588,0.0695893040576152,83.1273352937241,301.874084111505
PLAG121,0.00157689454138676,0.144411354848491,5.97346983499894,9.93998362341808,13.3571811224266,1.51935581440695e-06,1.14513375343887e-05,1.0869701417338e-05,0.261289783895117,0.269452230878151,0.926888959965988,344.256867989623,15.6316740060465,0.13622915771269,74.3683259939535,74.2568679896231
PLAG122,0.00173902519134907,0.149200089490851,3.82021060663854,9.09119181033685,13.1870070018831,2.97087274349193e-06,4.79284686686782e-06,6.50122540921668e-06,0.779207448771809,-0.292666640962086,-0.554240010326302,54.5762579347848,17.0176715619911,0.538413373776005,72.9823284380089,144.576257934785
PLAG123,0.00086452488924967,0.118193327502627,7.37701154608546,14.3291157027758,10.8074410428329,3.22733051386234e-07,1.12305266743433e-05,1.11146625454228e-05,-0.0331128579147573,-0.97285956763911,-0.229014847321655,351.772719390405,76.620706513051,0.0288869094390547,13.379293486949,81.7727193904053
PLAG124,0.000809007367532274,0.115607129565664,8.31815949897165,2.32491019996806,4.89355996712178,4.08745622570407e-07,8.31368541717454e-06,8.55346306996556e-06,-0.0284361315736078,0.963966832119924,0.264498266523254,6.13628324966476,74.5722839115671,0.0484762721969242,15.4277160884329,96.1362832496648
PLAG125,0.000686172269193393,0.109432128563443,10.1296285803067,12.6502153551191,6.9719917199758,2.70334758101036e-07,9.58561806101995e-06,9.73061116564268e-06,-0.0551692396491845,0.975362707599249,0.213597620822876,14.4821822838572,77.2552938213227,0.0279920048172946,12.7447061786773,104.482182283857
PLAG126,0.000875050965105059,0.118671083771595,26.8125141058662,13.8572520802682,13.5237835314735,2.93240231686305e-07,9.27127865483811e-06,8.69744861196521e-06,0.344401958344811,0.211518768246206,0.914684154103408,339.367361713976,12.2113708028864,0.0326722745213286,77.7886291971136,69.3673617139764
PLAG127,0.00197761788841196,0.15573321635487,14.5105598348717,10.0253390735953,5.63392174847008,4.14892683903227e-06,6.70340381236044e-06,5.59308883752693e-06,-0.91396993276806,-0.0791011572154028,0.397997448387714,246.468795776669,4.53690210522329,0.680361822804706,85.4630978947767,336.468795776669
PLAG128,0.000866861347805612,0.118299707862715,12.4872093177836,12.670880781047,14.2082945417173,6.17041820407479e-07,5.40182090787957e-06,5.17183753572065e-06,-0.657053432371223,-0.199173785738577,0.727056112059969,222.10467749717,11.4886484382785,0.116768264685117,78.5113515617215,312.10467749717
PLAG129,0.0013860232122266,0.138332415491063,11.5528101542118,6.74897118127322,11.3496955291365,1.96906512141551e-06,4.65052516176288e-06,4.31699899354931e-06,-0.732880722070048,0.387084656489064,0.559509889035778,52.6404660237224,22.7732194050278,0.439763006527714,67.2267805949722,142.640466023722
PLAG130,0.00147924628174138,0.141366754637589,12.2683780039521,6.62568051202334,3.33163761759616,2.31284150584208e-06,4.21091246359968e-06,4.39829199643867e-06,-0.672610180673259,0.406487030287645,-0.618355754450961,132.593490746519,23.9843457273878,0.537549704248231,66.0156542726122,222.593490746519
PLAG131,0.00108475040547993,0.127480492591836,8.04502496702592,8.03422363308375,10.0478232083725,1.31559047810163e-06,3.02371948317095e-06,4.34691797493286e-06,-0.46803182942271,0.869946603642251,0.155367671857896,71.6359171260067,60.4524350925813,0.368869572371726,29.5475649074187,161.635917126007
PLAG132,0.00115865057039462,0.130312062669275,22.2826575632134,3.6495703717237,12.7198581143859,9.87429349513378e-07,5.44901658245838e-06,6.43106732335511e-06,-0.166247117514537,0.971148467706001,0.170975289414566,44.1967124984281,76.20340832397,0.167376452329848,13.79659167603,134.196712498428
PLAG133,0.0013474841194269,0.137038210169476,25.493461883021,14.5233065869342,8.42378527384541,1.62247599325502e-06,6.61098434194682e-06,5.86821799823173e-06,0.108158011443594,0.978765946863198,0.174123708384456,328.153262898366,78.1716116342703,0.26095326965162,11.8283883657297,58.1532628983659
PLAG134,0.00136705089418231,0.137698334379529,14.5185610389079,8.76335584369262,6.06657811278744,5.6484632499162e-06,5.16059910706995e-06,1.31079314785237e-06,-0.0284459759605204,0.970961838754167,0.237537226839881,6.82886475133876,76.1586403755519,0.243031047441876,13.8413596244481,96.8288647513388
PLAG135,0.00142068463572091,0.139476065286309,17.046211463654,3.81301223068839,8.38796419270702,2.42768189783482e-06,5.23123681329441e-06,4.36075639402511e-06,-0.999193371987023,0.0127132192976729,-0.0380917239343603,92.1831996767099,0.728433432969908,0.510392683376436,89.2715665670301,182.18319967671
PLAG136,0.00161646635259241,0.145609378740044,8.94294000146031,9.73483013408972,6.2986275733762,2.9078983213161e-06,4.31480254270851e-06,5.6293232875249e-06,0.335449696538076,0.646097348550113,0.685588591860328,333.928090189631,40.2480008362461,0.595249056423127,49.7519991637539,63.9280901896308
PLAG137,0.000954596155204509,0.122163186647973,11.7425113201333,14.1865249793503,9.47759615311999,6.17472368445723e-07,6.54045933799908e-06,6.27020747528666e-06,-0.551015324425113,-0.155358186929259,0.819906059254803,213.902951862423,8.93757050435633,0.0964426436900899,81.0624294956437,303.902951862423
PLAG138,0.00098496871287498,0.123445312777919,-0.45318602925215,6.1337078166927,3.36860403058693,1.00598130848707e-06,2.99618659242562e-06,3.52841675929857e-06,-0.16262613000457,0.978806684467635,0.124459697417326,52.5727432419397,78.1830039147474,0.310431153147784,11.8169960852526,142.57274324194
PLAG139,0.000994833523483105,0.123856060732871,4.3500672459791,13.5838284701224,3.1860568823401,2.70581368425856e-06,4.70843034495884e-06,4.05851435608356e-06,-0.870211940549804,-0.298361557351769,0.392060658086439,245.746783770143,17.3592210098153,0.62068739223705,72.6407789901847,335.746783770143
PLAG140,0.00110590338210141,0.128303800636173,1.8603841629817,13.05143873862,4.25573164983688,8.72473375295058e-07,4.80087141974552e-06,5.11660009398125e-06,0.558338068031009,-0.0177856506591701,-0.829422855013069,33.9470424136037,1.01909645183711,0.176125240752541,88.9809035481629,123.947042413604
PLAG141,0.000494711816090033,0.0981261034992316,2.48627473068399,14.0218501145464,6.37844971014733,4.15179902209385e-07,2.49761120390102e-06,2.55188696098183e-06,-0.988487529410594,-0.014658384947184,0.150590623713697,261.337906582971,0.839893671530177,0.164463026700637,89.1601063284698,351.337906582971
PLAG142,0.000987602130080608,0.123555229543607,14.0558472183662,12.3076291849465,6.6373861718721,7.62035011621733e-07,3.42434429636641e-06,3.47132094211401e-06,0.479959301418983,0.118653444107081,0.869229790782006,331.094004736034,6.81439538898293,0.22102882113926,83.1856046110171,61.0940047360339
PLAG143,0.00120082780563753,0.131874463078549,21.851685060848,9.5561872565391,13.6328163951954,2.23779629321282e-06,5.52441168947388e-06,4.20295746552667e-06,-0.962554828756409,-0.268460012981435,-0.0376486794951425,272.239884280696,15.5726491838711,0.468753929873289,74.4273508161289,2.23988428069634
PLAG144,0.0012044361992644,0.13200642180689,15.7915775500976,9.29712635058856,8.53119091809103,1.86705271845243e-06,3.24408536544607e-06,2.78480871824595e-06,0.934584938104934,0.253693050487248,-0.249380892615837,255.059526037436,14.6961560538157,0.622983573814586,75.3038439461843,345.059526037436
PLAG145,0.000713805586498584,0.110881844078408,1.9663040226857,8.49636786260822,5.91368520386564,6.07820224869766e-07,2.21429603583384e-06,2.60688790520484e-06,-0.0815119248209032,0.9740790042423,0.211011610122097,21.1211070606965,76.9260724774465,0.253828751035008,13.0739275225535,111.121107060696
PLAG146,0.000847519915631109,0.117413246536376,5.6418767659468,12.9640008524053,15.6037483399871,9.03991994467309e-07,1.32643453267595e-06,1.70134770579708e-06,-0.626728882982847,0.26588661777576,0.732471988353712,40.5514636390136,15.4196424192959,0.606429509211903,74.5803575807041,130.551463639014
PLAG147,0.000782879453385491,0.114348926269411,14.1388082801266,15.2066185221206,14.710693049331,8.13475141479305e-07,1.70532103321742e-06,2.58366827143055e-06,-0.505382944372764,-0.484680115289817,-0.713914046212683,324.70515231244,28.9915165609481,0.395937241629773,61.0084834390519,54.7051523124401
PLAG148,0.000944065266351426,0.121712298983285,3.42801526338312,6.4485054216774,2.84552673944416,2.61428885434444e-06,1.40491717658934e-06,1.6587649974237e-06,-0.999834563891892,0.00263542726332951,0.0179972045120809,88.9687768831935,0.150999034196218,0.692182569706106,89.8490009658038,178.968776883194
PLAG149,0.000993713454089495,0.123809560664968,26.4133660006167,8.7899371771264,8.74082883568177,6.94622882023453e-07,1.63286464335801e-06,1.22465708695842e-06,0.698256251046128,-0.499635597591365,-0.512642641120037,53.7147962559731,29.9758942577038,0.49629962412612,60.0241057422962,143.714796255973
PLAG150,0.000669925712430963,0.108561543193176,6.67993046087881,5.6252107420043,11.7289685293902,3.706537921563e-07,1.82413656133971e-06,2.54698037230222e-06,-0.143066982315757,0.979344737269117,0.142883603518203,45.0367435152512,78.3344994664448,0.174360429644418,11.6655005335552,135.036743515251
PLAG151,0.00110288714204827,0.128187049199353,13.6521896232179,11.3560370390307,8.13506062247352,2.64652720895389e-06,2.10914284923539e-06,1.73880512914042e-06,0.0500351518056401,0.887542702595024,0.458000474512973,353.765336133943,62.566069866429,0.740713525476331,27.433930133571,83.7653361339434
PLAG152,0.000494203349987288,0.0980924738861744,8.28548182052219,15.1564733216975,2.84768977524253,2.27750161162886e-07,3.07030179325555e-06,3.01763484288789e-06,0.0854781814138426,0.988267134872581,0.126576264097668,325.968460691877,81.2145257067236,0.0748257483494186,8.78547429327638,55.9684606918768
PLAG153,0.00108198569958192,0.127372097173753,7.96306928616184,10.5496308312888,10.640583965472,1.18301437256231e-06,2.81354017522893e-06,2.42048690941609e-06,-0.70614669630309,0.376574121629011,0.599623860615611,49.6637775638585,22.1216366248054,0.454611200852328,67.8783633751946,139.663777563858
PLAG154,0.000783573055337605,0.114382685927207,15.4385857050699,12.6329668902287,12.5673260923918,6.25672626035658e-07,1.77046021666153e-06,2.21925840504483e-06,0.228671218202366,0.323561494638629,0.918159808068869,346.014790428073,18.8784463368958,0.317662084103834,71.1215536631042,76.0147904280733
PLAG155,0.000732005852136434,0.111816349666482,12.9852481409362,15.1918133043965,14.0864945848934,2.33405685598025e-06,1.79865685434999e-06,1.00474077433028e-06,-0.188410991612516,-0.922598831800344,-0.336619508941815,330.763605714501,67.3090201619458,0.494537927494378,22.6909798380542,60.7636057145015
PLAG156,0.000917249696406201,0.120548825878131,22.767155398117,8.19612110889457,14.8809957205066,1.07120946047577e-07,1.72833448339545e-06,9.27350803904327e-07,-0.885023115304949,0.249400193998554,0.393107655241419,66.0502679833821,14.4420216056147,0.0887460768743048,75.5579783943853,156.050267983382
PLAG157,0.00080628576361827,0.115477344878909,26.9154642493795,9.71903395129035,8.69925150036075,1.03671726669931e-06,1.6945512866408e-06,1.91937212630305e-06,-0.507999174019273,-0.171763378382099,0.844058162120659,211.04177002566,9.89036144954156,0.575964053772163,80.1096385504584,301.04177002566
PLAG158,0.000680861700966799,0.109149083748452,18.7712413676608,5.0605821554899,7.23045585725091,5.02533502000938e-07,1.3927947646945e-06,9.13249045252783e-07,-0.973409771167841,0.163229751419532,0.160715480419559,80.6247205657314,9.39441254296897,0.455539693600892,80.605587457031,170.624720565731
PLAG159,0.000813159827719456,0.115804587594004,18.6725347043183,14.4321304397077,9.7098369409604,1.53032061084675e-06,8.58863071826921e-07,1.10411796105741e-06,-0.741392144457397,-0.510979335160946,0.435014720642119,239.597554757338,30.7290848059266,0.669551686773826,59.2709151940734,329.597554757338
PLAG160,0.000822081222830562,0.116226555915842,3.0486027024227,6.06592212280412,4.42466580591906,9.55668302603892e-07,1.32368920908575e-06,1.74097279602251e-06,-0.849409792151283,0.51986650769535,0.0907844654891683,83.8994167432384,31.3232975243161,0.63545054522221,58.6767024756839,173.899416743238
PLAG161,0.00074341886933201,0.112394480920768,7.77663623166865,12.8776719531328,11.7402932149716,3.88859835056576e-07,1.15334052734876e-06,1.52056939165883e-06,-0.13753664141069,0.990472701375875,0.00689203153239391,87.1312787225312,82.0846900180767,0.296446322473845,7.9153099819233,177.131278722531
PLAG162,0.000714450018875509,0.110915202534702,14.9618903315779,7.96510300722641,7.49975079977504,7.50778876961699e-07,1.37194455171842e-06,1.6946070276104e-06,-0.619880868257237,0.354062642212727,0.700276627168147,41.5150704272237,20.7360068264606,0.495138573470186,69.2639931735394,131.515070427224
PLAG163,0.00064258330039572,0.107064034319921,8.48265345514414,6.61978253681221,5.84731669655061,4.43123409395186e-07,1.43516628393669e-06,1.64454892731907e-06,-0.236687201596974,0.959178414992162,0.154777055190096,56.8180903570676,73.5725131923354,0.289105420360149,16.4274868076646,146.818090357068
PLAG164,0.000246390449536745,0.0777812794160549,4.64733226471402,14.2060488991291,9.47415048839653,2.5930708491153e-08,2.35772845341693e-06,2.37685034166615e-06,-0.0160661298815295,-0.973271158602903,-0.229096336291945,355.988513592821,76.7230040803697,0.0109539338530213,13.2769959196303,85.9885135928214
PLAG165,0.000451889392117451,0.0952089644270797,13.72503024735,6.11133315890093,7.00642831134381,3.42694473536617e-07,7.52659276250973e-07,9.57076390651953e-07,-0.679939197154841,0.609300665401664,0.407964933926335,59.036155754908,37.5389536809571,0.406687716413308,52.4610463190429,149.036155754908
PLAG166,0.000439055219931668,0.0942989464966172,19.6864652522059,8.28744012306729,9.16090095425883,-2.09271543062465e-07,1.85464915586374e-06,1.4683108058948e-06,0.14683965348274,-0.958493716422911,-0.244392945362312,30.9988901731755,73.4343576624479,0.127680780344616,16.5656423375521,120.998890173176
PLAG167,0.000433426738466025,0.0938942561742799,21.0915283343467,9.60901795388288,5.76252304519689,3.50704817375745e-07,1.97027129769528e-06,2.20687461448938e-06,-0.0279452474281868,-0.974809531431641,-0.221281360661492,352.802316516843,77.1124113271458,0.168456468510817,12.8875886728542,82.8023165168431
PLAG168,0.000715678056143939,0.110978715275274,7.70258556821776,10.4467755583155,9.2992636725067,7.80189849370889e-07,1.06411270741119e-06,1.44876133565237e-06,-0.992350986634887,-0.0125362050639253,0.122810271913071,262.945123534185,0.718290456106118,0.635852735070628,89.2817095438939,352.945123534185
PLAG169,0.000259287465421624,0.0791153888026828,6.10120664934167,13.1863013891008,8.84070995763841,-9.14818073225458e-08,1.28452051012343e-06,1.39016467993382e-06,-0.985194478041524,-0.00907626609854649,0.171200063756409,260.141989270288,0.520038881364087,0.0685125481115962,89.4799611186359,350.141989270288
PLAG170,0.000602438229653039,0.104786330898684,16.6830847984424,13.9332216387196,15.034546782216,5.96018868502413e-07,1.20678473876515e-06,1.3374368056013e-06,0.592798129939383,0.34875261052347,-0.725921479082576,219.235579892378,20.4110381722841,0.469766300747101,69.5889618277159,309.235579892378
PLAG171,0.000594518121450921,0.104325103644478,4.64957266847325,13.7801595003754,9.36955843440445,1.8826241178732e-07,6.37136235702018e-07,1.29320877123249e-06,-0.274832660388124,0.930177840883021,-0.243384866239022,131.527290467896,68.4625541035989,0.220529966792504,21.5374458964011,221.527290467896
PLAG172,0.000700796673327897,0.110204112918967,8.38563004038416,13.6713567479068,9.97748789470101,5.37335400741957e-07,8.24768971832376e-07,1.0455186654178e-06,0.99939847328832,0.0284442578006089,0.0198397526987585,271.137268904057,1.62995576672434,0.582719774926674,88.3700442332757,1.13726890405746
PLAG173,0.000501933045109112,0.0986012427640289,10.2902232349114,9.87687109859058,13.7697828170385,5.70260798851452e-07,9.57624406272729e-07,1.45402965249516e-06,-0.897473428869657,-0.306551707165595,-0.317123785463658,289.460949309159,17.8515427061636,0.493844320336049,72.1484572938364,19.4609493091595
PLAG174,0.000635055956058209,0.106644334987632,8.12516044605065,10.8569225032226,8.05030709925033,1.12439486892339e-06,4.61893501721959e-07,6.81492792697235e-07,-0.963260294543653,-0.231672952340859,0.135857455111395,261.972001131228,13.3955854730346,0.544280111557637,76.6044145269654,351.972001131228
PLAG175,0.000660944364106205,0.108074216017045,18.582166320007,11.6771763635565,8.6563785121894,1.71096002593736e-06,1.0781331929336e-06,9.25502073460236e-07,0.22957578174399,0.889383327084062,0.395338156445239,329.855948854535,62.7958580537411,0.699677889695603,27.2041419462589,59.855948854535
PLAG176,0.00049213436975513,0.0979553945048908,24.1608314302279,2.32417336333208,2.98838061617682,4.17982323573128e-07,5.14878093624087e-07,7.82627734836561e-07,-0.618506783126982,0.774686017242082,0.131571022324495,77.9908405240368,50.7765744828494,0.672941929114586,39.2234255171506,167.990840524037
PLAG177,0.000427094534805643,0.0934347577529594,19.5839048910008,14.4310654315217,11.8350259850175,-3.17557697026041e-07,1.76473789553819e-06,2.40866314315918e-06,-0.931351299401408,0.344956580842663,-0.116574930566769,97.1344665677817,20.1791453234504,0.155892954860681,69.8208546765496,187.134466567782
PLAG178,0.000255530510123651,0.0787314131292121,21.514229715963,11.5375754430118,9.64770289068762,3.29964061687549e-07,1.42679645613528e-06,1.70330445756709e-06,0.321288259714851,0.908734378662807,0.266412618330521,309.665564119974,65.3310338084091,0.212491068142675,24.6689661915909,39.6655641199735
PLAG179,0.000448451745284647,0.0949669227042816,25.1201039050965,2.09830364479108,5.27952990402171,1.43200760684205e-06,6.69564376934422e-07,7.94591910299421e-07,0.735046326043456,0.64202122315397,0.217980842254309,286.517927953726,39.9427026643237,0.65511114880582,50.0572973356763,16.5179279537263
PLAG180,0.000529289691106808,0.100360990226057,23.1516465873715,5.82901124383932,12.4276436217878,1.34425539073672e-07,1.24697111325147e-06,6.90297838021356e-07,-0.948272943843622,-0.0178801554722287,0.316952242482112,251.518229361333,1.02451203995172,0.151268605408132,88.9754879600483,341.518229361333
PLAG181,0.000434416578937798,0.0939656789894343,26.7953675442195,11.5051373024781,9.34990206607349,1.29044635843801e-07,1.4929682915839e-06,1.30422422067933e-06,-0.992395010871347,-0.0719716955027539,-0.0998609906025289,275.74611727231,4.12724277473554,0.09268927228996,85.8727572252645,5.7461172723103
PLAG182,0.000376291641532115,0.0895726280225599,13.3108785781779,13.1601914784584,14.4296882011775,2.21417508622733e-07,5.09399009222068e-07,5.76960290584283e-07,-0.971497704070472,-0.0379309860104616,0.233994553966702,256.457706428263,2.17380688811009,0.409214892869232,87.8261931118899,346.457706428263
PLAG183,0.000427523617780109,0.0934660372020625,13.529914679773,8.81165191529753,11.7114398287064,1.81859660148508e-07,6.14992986987702e-07,8.78131078763261e-07,0.81989879447262,0.517215645615232,0.245466785437791,286.667000144422,31.1456671468318,0.251404335879243,58.8543328531682,16.6670001444224
PLAG184,0.000281526024978144,0.0813154947383054,21.5245834022845,13.1320673678804,5.76960418452165,-3.25213809607035e-07,6.89140378889108e-07,2.47552152631788e-07,0.910808847727996,-0.307705551973929,-0.275217252701969,73.1868651246944,17.921010674213,0.560208458886331,72.078989325787,163.186865124694
PLAG185,0.000307859602658685,0.0837756926829327,23.1173959189551,9.89670083474346,15.2686335157314,1.47569197525653e-06,1.29598965804127e-07,8.28579892951489e-07,0.726872041492943,-0.0372569949415766,-0.685761585118184,46.6669509856296,2.13516272598885,0.122116726025581,87.8648372740112,136.66695098563
PLAG186,0.000356732070263525,0.0879929431368576,19.8408539636107,14.3086897355213,8.06205155871448,2.48092979735938e-07,8.37605058330335e-07,9.73715297575917e-07,0.187374375571051,0.948340246265806,0.256010977678439,323.799611675588,71.5029960858162,0.275491664459301,18.4970039141838,53.7996116755885
PLAG187,0.000382560693624005,0.090067320210991,16.6495668504846,14.5362995913946,5.13275606904752,4.90764664586766e-07,1.39599405822047e-07,-1.37500747935033e-07,0.0706635775722554,-0.996272856099016,-0.0494677167959046,55.0062316704525,85.0516467785956,0.632571557329599,4.94835322140435,145.006231670453
PLAG188,0.000407638210548715,0.0919938415231561,23.8760682083146,6.59994467962589,5.67954544663062,3.74571588436667e-08,4.99194340403966e-07,3.0022706846806e-07,0.816709875142632,-0.555637355607551,-0.155730886140014,79.2043901593628,33.7546254784007,0.0998989936147741,56.2453745215993,169.204390159363
PLAG189,0.000135474480714493,0.0637215440734112,27.2122209450189,8.53610151607749,14.9180138141784,-4.61827228948942e-07,1.99591463415593e-06,1.42710297167665e-06,-0.984335717741749,-0.045708620335903,-0.170276001846486,279.814225804211,2.61982382991867,0.277498985198435,87.3801761700813,9.81422580421116
PLAG190,0.000343094685660924,0.0868570595955939,11.5356436410572,6.59363921918685,3.58098724952522,7.84876611131332e-08,5.12967742723055e-07,4.8288230628431e-07,-0.189454899637694,0.978848141567432,0.0772214785746586,67.8242786908929,78.1946085282106,0.157773475581575,11.8053914717894,157.824278690893
PLAG191,0.000363057767106545,0.0885100059613473,17.4181450232376,10.3021299707035,3.77212629229474,2.10100331607055e-07,3.84258655940343e-07,4.59808676779801e-07,-0.939178200477422,0.343427842965459,-0.00127452896506941,90.0777542384395,20.0858549667741,0.501848942065753,69.9141450332259,180.07775423844
PLAG192,0.000160770091234053,0.0674635015598257,23.3279944670313,5.2524100199985,7.01358616460775,1.44683726442336e-07,2.15347090168891e-07,3.25981293890353e-07,-0.42257773399384,0.887109442818245,0.1856472332014,66.2831118451894,62.5122384246703,0.557851753615568,27.4877615753297,156.283111845189
PLAG193,0.000364336977218197,0.0886138371664994,3.4596815788273,8.12778502052171,13.6136122221063,2.62922963850609e-07,5.32662533241975e-07,6.06316626319679e-07,0.339016531016001,-0.183556459770875,-0.922699744106532,20.1742427324023,10.5769824854217,0.463620545445877,79.4230175145783,110.174242732402
PLAG194,0.000202918029099349,0.0729078018175196,3.83579161323098,6.20651374654519,13.3821304773813,4.33594179985466e-08,5.40233261581181e-07,5.83119116351857e-07,-0.971579025542153,-0.156049032134321,0.177996900805892,259.618326640763,8.97764173573762,0.0773091429383854,81.0223582642624,349.618326640763
PLAG195,0.00024220596378007,0.0773384392432099,23.2342885263258,12.6686652947921,14.4943937950882,-6.76343938620881e-07,3.5502160513947e-07,8.69070288516172e-07,0.892185284447452,0.187865577050364,-0.41074559422464,245.279531778751,10.8282478483817,0.466710088414582,79.1717521516183,335.279531778751
PLAG196,0.000242760061345382,0.0773973703600915,10.8154212296522,9.30998107689606,6.26453742528259,7.27165639337013e-08,4.0781431979966e-07,2.7156043281441e-07,-0.958858806643301,-0.0434376542469176,0.280540476787414,253.691713588722,2.48957758077466,0.223040532437069,87.5104224192253,343.691713588722
PLAG197,0.00021677641197083,0.0745311462417984,21.5953268979707,11.5577521453339,6.74076158109934,3.56425114217402e-07,5.22417084023973e-08,1.84377234568775e-07,0.929243163295777,0.227201067557121,-0.291353425188314,252.591788101819,13.1323426925868,0.214956385087729,76.8676573074132,342.591788101819
PLAG198,0.000239813434392925,0.0770829444112548,15.0114106650652,8.29231026483213,14.8188951730999,-5.55965809813913e-09,1.94457780633032e-07,2.70652475956783e-07,0.782474793900834,-0.373009283116454,-0.498595298432303,57.4945898957821,21.9013277083849,0.0245661260787643,68.0986722916151,147.494589895782
PLAG199,0.000153428677139337,0.0664205762960362,4.45134398016274,4.06402975445117,14.7891967812971,-1.61820683472094e-08,7.76386338529195e-07,5.71498883994641e-07,0.499670363568689,0.161401392729194,0.851045896644952,329.581737588997,9.28824742402293,0.0245789697995409,80.7117525759771,59.581737588997
PLAG200,0.000306718000013982,0.0836720122920157,24.9867482788841,9.81681439054704,12.6872631212668,4.42746938657764e-07,-3.32751383885953e-07,-9.01000696096866e-08,0.682616141677123,0.0243396384716705,-0.730371676012225,223.064279523251,1.39469628962037,0.23713767430315,88.6053037103796,313.064279523251
PLAG201,0.000146760369418075,0.0654440334558538,27.0011599593229,9.72688533951219,8.57688886838396,9.13224854300736e-08,5.3202419243757e-07,6.11840944874823e-07,-0.958363498704622,-0.18601276992649,-0.216653303171012,282.738498796697,10.7201848122326,0.160454770143766,79.2798151877674,12.7384987966974
PLAG202,0.000208097615584676,0.0735229335929345,15.9314917877513,8.36064088785013,11.2982393103679,2.55194909249738e-07,-1.11603981401692e-07,-2.74609181219519e-07,-0.224965042683015,0.921768308460164,-0.315806768592943,144.535817757112,67.1859811316371,0.421869316743244,22.8140188683629,234.535817757112
PLAG203,0.00016615167099839,0.0682080075985948,14.1524358941569,14.0254054387342,3.98812739210757,-8.55343516295255e-08,2.0144452485476e-07,6.89186327225443e-08,-0.504193578863806,0.853176973538713,0.133708215364013,75.1474826106921,58.5589144816685,0.573932148953278,31.4410855183315,165.147482610692
PLAG204,0.000234203815105064,0.0764771651201241,11.104050774282,7.21648691512289,11.6797904003123,5.93189789278448e-08,1.00622393182974e-06,7.37202458163917e-07,0.455473292888757,0.2647740848979,0.849963977725852,331.814315913221,15.353529321901,0.0697085212053604,74.646470678099,61.8143159132206
PLAG205,0.000147517121132775,0.0655563253612693,9.88372824948205,14.2300949882472,3.24121136954401,1.67328722827627e-08,1.09594409256091e-07,1.19134671023567e-07,0.276673124665997,0.888345939550792,0.366460739740526,322.947666875512,62.6661287054593,0.146566701562949,27.3338712945407,52.9476668755119
PLAG206,0.000112904397122459,0.0599658615785422,4.25492143106696,9.00033397215926,6.88921923897046,5.25763974367275e-08,7.9714929064826e-08,1.11563059938113e-07,-0.961693829785144,0.258837752675504,0.090266248083523,84.6378290520099,15.0011096791586,0.565412941578786,74.9988903208414,174.63782905201
PLAG207,0.00017982311170132,0.0700297047611338,16.7912037246641,1.87127838916937,6.54070154782915,8.32749201055153e-08,9.51699850619779e-08,1.59069516474503e-07,-0.644731218883169,-0.736043159917555,-0.206305894574062,287.744019023207,47.3954354011858,0.699262591418909,42.6045645988142,17.7440190232065
PLAG208,0.000209364466642918,0.0736718288318103,13.5424523280754,13.0716177749408,6.73971694030791,3.10275499672258e-08,2.55708113584575e-07,3.34128453135913e-07,-0.585313679050637,-0.803589150787206,0.107946161827577,259.550669642881,53.47422092365,0.107100429518778,36.52577907635,349.550669642881
PLAG209,0.000126638606550896,0.0623049426058665,0.860847801264643,13.7046934864673,3.94042550227629,2.78186873044724e-08,1.41039061159158e-07,1.5231801653849e-07,0.057580808835916,0.97825250018657,0.199264889864038,343.88249589178,78.0289423185017,0.189938289997474,11.9710576814983,73.8824958917796
PLAG210,8.688511288014e-05,0.054951841298663,26.4232188000153,14.1534435687111,10.7354671854794,1.25925391645272e-07,-3.5182465377873e-08,2.51338174087092e-08,0.579541767846537,0.546082405330538,-0.604917635641187,223.772682510247,33.0986624989928,0.456988847727051,56.9013375010072,313.772682510247
PLAG211,0.000158640389604633,0.067164282836747,17.7021843426025,1.91056574307999,3.56199607067267,1.2049131880448e-07,2.19851843652167e-07,1.67276795333604e-07,-0.994979591469866,0.039330605481419,-0.0920256270335764,95.2842509748164,2.25405908738108,0.634183956737406,87.7459409126189,185.284250974816
PLAG212,0.000110868403717934,0.0596032201964322,20.0459112832841,13.076124556783,7.22263994003654,2.29332149425826e-09,3.78300676795556e-07,3.01214789631142e-07,0.742684670425611,0.66626242669763,0.067185259438272,275.169061131261,41.7792483576323,0.00683787066135565,48.2207516423677,5.16906113126134
PLAG213,0.000205904427861429,0.073263729249269,20.3365352914037,5.22826978912121,5.86766701721515,1.04818420224439e-07,1.50044196434297e-07,1.99809638485604e-07,-0.790743160954074,-0.550822927993828,-0.267056839269595,288.661313210056,33.4234876011743,0.611587523328764,56.5765123988257,18.6613132100556
PLAG214,8.73913749046551e-05,0.0550583657646763,23.7752746417462,14.8751176265926,11.1774407633118,-1.1701249979709e-07,1.12605175934211e-06,8.47102779024854e-07,-0.77944406086749,-0.503372632151101,-0.372938264568907,295.569576437735,30.2233835263794,0.121023275400561,59.7766164736206,25.5695764377346
PLAG215,0.000119013683329413,0.061028508753306,26.3520419930248,11.2862305688089,8.87782941777026,-1.24683527420762e-07,1.24764890897001e-07,1.47025079529021e-08,0.847622126404664,-0.522106908082465,0.0945574289085971,96.3653762548014,31.4736851295482,0.117880158280748,58.5263148704518,186.365376254801
PLAG216,0.000108308589529038,0.0591409222425376,12.5438771029255,4.94537940508201,4.54934631214467,8.30129305480759e-08,1.59421534600902e-09,3.97304183400766e-08,-0.771554702731094,0.5209101246765,0.365179384279899,64.6716518867155,31.3933206814144,0.029665117594586,58.6066793185856,154.671651886715
PLAG217,0.000120307169784913,0.0612488063410174,1.36488275233965,9.65758663583863,9.64944546165062,1.64014800269734e-07,-2.80854437492041e-08,-5.9775062143013e-08,0.12363122930134,-0.861162390130961,0.493066584717896,165.923889944869,59.4473475713724,0.320544720306849,30.5526524286276,255.923889944869
PLAG218,7.05037541119206e-05,0.0512551930244669,2.15834701813365,12.9395570897129,13.3306813367571,-1.99563850293254e-07,-2.50290383989677e-07,5.88486183023997e-08,0.217742359028551,-0.933945572889735,0.283432411633438,142.46731235205,69.0584572120493,0.265003767682066,20.9415427879507,232.46731235205
PLAG219,0.000103414927998665,0.0582364469580017,13.5546944080142,14.644674653273,5.82384864402383,-1.97548458651711e-08,7.38171141287306e-08,4.23076446229975e-08,0.898798221735127,-0.353889508698365,0.258696679992231,106.057146121639,20.7254002804111,0.367276012272218,69.2745997195889,196.057146121639
PLAG220,7.49047964851239e-05,0.0523002384212618,5.78520592878276,5.72549260735164,6.14919102952585,6.0236824084792e-08,2.30330396041728e-08,4.19733690619412e-08,-0.814278514760322,0.416196487007738,0.404636855219767,63.5759848489771,24.5946875925787,0.465564193679646,65.4053124074214,153.575984848977
PLAG221,0.000112831510430548,0.0599529549240397,5.83180011923539,6.42293455487131,8.1493984329447,1.59699388346583e-07,-5.94864569309182e-08,-9.93501769118014e-09,0.885288597275256,0.00561956564644165,-0.465008085968787,242.288779439744,0.321979088910382,0.114611922701757,89.6780209110896,332.288779439744
PLAG222,0.000134036316581376,0.0634952573020216,15.2688228132923,11.2826626564848,13.909164156877,5.909413257689e-08,4.33919473802405e-07,3.54506293429674e-07,0.459725155610693,0.654565716910109,0.600163730614138,322.547900959625,40.8867285099652,0.151440517573206,49.1132714900348,52.5479009596248
PLAG223,9.00799514531175e-05,0.055617292139545,5.561865311023,12.3656340154242,8.7201956495435,-4.5891776249728e-08,3.46709683572825e-08,9.02063636602281e-08,-0.893789186878951,0.12090772150474,0.431882174092421,64.2099982416229,6.94449264836577,0.569922918754417,83.0555073516342,154.209998241623
PLAG224,0.000140523947115649,0.0645035929072324,8.79346217273092,12.5902605446309,7.52066987268995,9.83878776634209e-08,4.39385471542617e-09,3.81703795963875e-08,-0.923323143266913,0.365853131672545,0.11672985544881,82.7946851626872,21.4600953136482,0.0798850647187453,68.5399046863518,172.794685162687
PLAG225,3.95799499262421e-05,0.0422823262306764,20.2185361305906,9.60545764630183,13.9408158555747,2.20612732915574e-08,-1.98863318117765e-08,-6.05652265258241e-09,0.857246671861162,-0.165509336546529,-0.487580560624488,60.3698590233555,9.52682413374978,0.289544463466402,80.4731758662502,150.369859023356
PLAG226,5.96923603618885e-05,0.0484886444661517,19.1992103852541,13.1782077013877,14.9661488567203,2.921488371508e-08,-2.45422088584946e-07,-3.39461685770232e-07,-0.138504122511866,-0.85245278013534,0.50412385946982,195.362520567199,58.4794579620894,0.102550865140894,31.5205420379106,285.362520567199
PLAG227,8.44927722703226e-05,0.0544427823988473,0.389810696177298,9.79738074040361,7.32948246488493,-9.58405729743454e-08,-4.6558446787047e-08,4.67441926275998e-08,-0.963876348614612,0.250312323182492,-0.0910281574258629,95.394993026988,14.4959946261249,0.740908452771596,75.5040053738751,185.394993026988
PLAG228,7.65434078659292e-05,0.052678862734108,15.2874931513549,13.2769447297783,4.71971286697934,9.15146803251226e-08,-8.31121125922372e-08,-7.90726873835868e-09,0.917669524090891,-0.397250999053741,0.0086190663996378,90.5381257570564,23.4064372553417,0.0907720811952162,66.5935627446583,180.538125757056
PLAG229,8.44669704444338e-05,0.0544372400462605,3.40895604135578,8.55518704901717,12.6493728957588,8.36314393665629e-08,-6.05857297593056e-08,-2.94487581959965e-08,0.920392461180547,-0.253217831127525,0.29792355966101,107.936345708022,14.668008902666,0.419096507829763,75.331991097334,197.936345708022
PLAG230,7.186291299488e-05,0.051582461782147,4.2216338492849,7.02842597351353,10.1691781188537,2.99961090997588e-08,2.50404794475513e-07,2.88239904779294e-07,0.0861575381461877,0.242216414928933,0.966389200560294,354.905317389109,14.0173919692121,0.111928471628158,75.9826080307879,84.9053173891087
PLAG231,9.47340913626249e-05,0.056559108739734,10.2876846714295,13.758362308313,6.25970794892691,3.77025379768056e-08,-4.85746873090668e-08,-6.29270185243697e-08,-0.392732585696853,0.136645251131307,0.909444441115083,23.3565174938931,7.85376756340787,0.687661852713076,82.1462324365921,113.356517493893
PLAG232,6.22026132077735e-05,0.0491590335258114,24.2066795746129,10.484614426355,13.9283356374238,-3.6837278434983e-08,1.18950197901957e-07,1.74670686331891e-07,0.899858432748962,0.433077064141588,-0.051952454466405,266.695751704,25.6629974628885,0.260291081332072,64.3370025371115,356.695751704
PLAG233,6.55611673548624e-05,0.0500283314519201,14.0692748793134,13.9023058627533,8.02917893059449,9.54027928939948e-08,-1.83606669177897e-08,-1.33619950814544e-07,0.299541896106907,0.812945455131314,-0.499393972188312,210.955784855216,54.3847167751716,0.164931904305697,35.6152832248284,300.955784855216
PLAG234,6.84632827869791e-05,0.0507558804462064,14.4961702790015,12.2000805384401,8.24943748193831,-1.16236204188002e-07,2.2676287929474e-08,1.28185570255339e-07,-0.552952356416781,-0.761653455310108,0.337827922983436,238.577029029835,49.6101804777639,0.185995013409493,40.3898195222361,328.577029029835
PLAG235,0.000103651038287467,0.0582807338363972,7.08192606880152,15.1698973084216,10.7807057370501,3.41757027426723e-07,2.60090722209243e-07,1.96303758330669e-08,0.126317743078274,0.779755986461217,0.613208308294584,348.360183568166,51.2382391798661,0.0664573386633006,38.761760820134,78.3601835681662
PLAG236,0.0001042111229926,0.0583855198228483,0.135988200746342,10.7477206079165,4.5809597069522,1.45923296897107e-08,5.13283139497196e-08,6.35522250858371e-08,0.0998685996718304,-0.982175715657947,0.159239211161659,147.905672902266,79.1659488457848,0.256952793174561,10.8340511542152,237.905672902266
PLAG237,8.38789345444235e-05,0.0543106200432981,12.2515509946388,14.2134476791536,11.6133883538598,-2.58990979954667e-08,1.29620110961339e-07,1.79561138676683e-07,-0.0525472975342746,-0.72574918620544,-0.685949633897407,355.61940189867,46.5312070191974,0.172021627296728,43.4687929808026,85.6194018986698
PLAG238,4.66399513025332e-05,0.0446601134522148,8.77339310898492,10.1042966446279,12.9485555828483,-8.08350029494886e-08,-5.59701283051565e-08,2.32486808398833e-08,-0.786837315963367,0.559835477827632,-0.259752335837566,108.269195134373,34.0444207024524,0.351491596209448,55.9555792975476,198.269195134373
PLAG239,7.59469690081865e-05,0.052541678331426,4.98040787327463,13.6111414177558,11.9162284174704,-5.79087184500942e-08,-8.27663202475754e-09,6.13754309895776e-08,-0.57977896248925,0.502847103358805,-0.641093710231623,137.875096791044,30.1885422856938,0.138889009550879,59.8114577143062,227.875096791044
PLAG240,4.37692952294603e-05,0.0437243783666744,-0.632911475184201,11.2485213512276,6.64009934775062,-8.53354316869442e-10,4.24044092946869e-08,5.91000878333501e-08,-0.048028720467575,0.903316433446503,0.426277683060863,6.42840694341135,64.5974809362087,0.0172816630831383,25.4025190637913,96.4284069434114
PLAG241,5.09825926968688e-05,0.0460052891952411,13.2015385409736,11.6216964033016,12.9296578439022,4.00950804824974e-08,-6.78686899666375e-08,-1.13346782878983e-07,0.00762164375378221,-0.839972956023671,0.542574735585198,179.195208932682,57.1372639543795,0.472256241175252,32.8627360456205,269.195208932682
PLAG242,3.26354413361744e-05,0.0396488220624467,10.8136914732831,9.54169369089505,11.4093594452735,4.57168365370551e-08,-1.51567587270445e-07,-1.90627549550862e-07,-0.433120486825592,-0.792607651607671,0.429161688067486,225.263047148319,52.4298727295809,0.2707247777769,37.5701272704191,315.263047148319
PLAG243,2.97097646768663e-05,0.0384267389352994,21.7513300459846,11.6888976032295,14.5858613437199,-2.70543334802158e-08,4.50141648126276e-07,4.06066712187695e-07,-0.706395140538475,-0.426287689599743,-0.56505283922775,308.656678790686,25.2321972193434,0.0633635821837472,64.7678027806566,38.6566787906862
PLAG244,4.27812525837605e-05,0.0433928616043066,26.5391027689993,8.84684888006446,15.649378841243,-1.10891475525462e-07,-6.89517287914721e-07,-8.34234332561973e-07,-0.252912049855767,0.924891871114819,-0.283919921427649,138.305779880246,67.652055726211,0.146875422362956,22.347944273789,228.305779880245
PLAG245,4.69969985248397e-05,0.0447737874649074,18.0525722852997,14.2846506299976,11.949605408468,2.06119674888625e-07,-9.08862132832487e-08,4.2281746028753e-08,0.658390486878644,0.401829067142267,-0.636439602466155,225.971225939095,23.6925721978096,0.335174151736628,66.3074278021904,315.971225939095
PLAG246,3.84640588890761e-05,0.0418811722974026,22.9323958439737,10.6545164596598,9.28938092157449,-1.37960962336173e-07,4.35503039084417e-08,-8.21106429167077e-09,0.653014099649233,-0.545909506611115,0.524933706529605,128.794504795129,33.0868380646701,0.124029684321212,56.9131619353299,218.794504795129
