Filename,Avg Edge Length,Vol,Nodes,Tetrahedra
PLAG002_1,55.06783,0.1826081,1693.0,5574.0
PLAG002_2,35.69707,0.1889753,5782.0,23592.0
PLAG002_3,14.78853,0.1963211,42855.0,212860.0
PLAG002_4,12.0036,0.1995646,99886.0,522297.0
PLAG003_1,61.51408,0.1456055,1937.0,7975.0
PLAG003_2,36.68792,0.1483558,6990.0,32885.0
PLAG003_3,16.79151,0.1507354,55605.0,298597.0
PLAG003_4,12.6789,0.1514819,131716.0,731570.0
PLAG004_1,46.92047,0.1092952,1553.0,5903.0
PLAG004_2,37.28698,0.1132264,5553.0,25018.0
PLAG004_3,14.60859,0.1167785,43575.0,227959.0
PLAG004_4,12.14311,0.1175407,102509.0,557358.0
PLAG005_1,25.95134,0.06140288,969.0,2439.0
PLAG005_2,30.65764,0.06852208,2975.0,10011.0
PLAG005_3,15.54647,0.07245919,21321.0,95418.0
PLAG005_4,11.68344,0.0740349,65447.0,322253.0
PLAG006_1,57.38002,0.1170145,1520.0,6512.0
PLAG006_2,30.96524,0.1203005,5582.0,27100.0
PLAG006_3,16.51292,0.1231381,44794.0,244573.0
PLAG006_4,12.66609,0.1237306,106390.0,598034.0
PLAG007_1,46.97256,0.05811025,1022.0,2926.0
PLAG007_2,31.60466,0.06066165,3125.0,11457.0
PLAG007_3,16.05733,0.06326234,22857.0,106988.0
PLAG007_4,12.24327,0.06383131,52588.0,262219.0
PLAG008_1,58.53572,0.04724036,799.0,1739.0
PLAG008_2,25.45489,0.05412255,6058.0,22479.0
PLAG008_3,15.11928,0.05584146,17847.0,76971.0
PLAG008_4,11.20181,0.05682584,40489.0,189309.0
PLAG009_1,55.98826,0.1078204,1484.0,6103.0
PLAG009_2,33.71493,0.1107571,5272.0,25033.0
PLAG009_3,17.28576,0.1131141,42275.0,227802.0
PLAG009_4,10.54852,0.1137932,100180.0,557875.0
PLAG010_1,52.96727,0.06076108,865.0,2834.0
PLAG010_2,31.03268,0.06406944,3101.0,12741.0
PLAG010_3,16.52971,0.06683358,23214.0,115747.0
PLAG010_4,11.61282,0.06741761,54166.0,283822.0
PLAG011_1,55.42648,0.07597896,1067.0,4125.0
PLAG011_2,32.57536,0.07954758,3792.0,17253.0
PLAG011_3,16.66752,0.08204045,29928.0,158294.0
PLAG011_4,12.18595,0.08277233,70532.0,387099.0
PLAG012_1,56.24673,0.1108723,1549.0,6927.0
PLAG012_2,32.63412,0.1126087,5684.0,28390.0
PLAG012_3,14.87163,0.1139063,46399.0,257089.0
PLAG012_4,11.47207,0.1143162,110724.0,629683.0
PLAG013_1,37.99001,0.0431241,425.0,988.0
PLAG013_2,34.01191,0.04758889,2390.0,8626.0
PLAG013_3,15.20641,0.05127083,17331.0,80405.0
PLAG013_4,12.79638,0.05193885,39653.0,196614.0
PLAG014_1,52.97947,0.04433584,704.0,1957.0
PLAG014_2,37.13211,0.0470289,2295.0,8343.0
PLAG014_3,16.0194,0.05036366,16601.0,76982.0
PLAG014_4,12.64217,0.05077361,38270.0,189564.0
PLAG015_1,41.90857,0.05342409,799.0,2812.0
PLAG015_2,36.18825,0.05677949,2697.0,11585.0
PLAG015_3,18.69192,0.05954917,20626.0,104910.0
PLAG015_4,10.44716,0.06021115,48396.0,257852.0
PLAG016_1,58.99806,0.05280409,800.0,3067.0
PLAG016_2,37.3176,0.05557964,2876.0,13009.0
PLAG016_3,19.26454,0.05690752,11931.0,60513.0
PLAG016_4,12.35658,0.0576683,53104.0,289819.0
PLAG017_1,54.32198,0.05300973,796.0,2950.0
PLAG017_2,30.53932,0.05508149,2802.0,12217.0
PLAG017_3,17.06611,0.05746991,21480.0,110927.0
PLAG017_4,12.37078,0.05804922,50608.0,272741.0
PLAG018_1,13.3279,0.008894473,206.0,470.0
PLAG018_2,39.84368,0.04802484,1047.0,2906.0
PLAG018_3,19.64396,0.05251921,6152.0,24721.0
PLAG018_4,10.52316,0.05457527,34163.0,165058.0
PLAG019_1,39.81171,0.04148985,507.0,1290.0
PLAG019_2,32.0515,0.04577191,1602.0,5491.0
PLAG019_3,16.68717,0.04895367,11140.0,50344.0
PLAG019_4,13.06753,0.04978441,25381.0,123162.0
PLAG020_1,43.61346,0.003358403,114.0,248.0
PLAG020_2,35.44772,0.006540972,399.0,1118.0
PLAG020_3,16.02858,0.007242309,2600.0,10620.0
PLAG020_4,12.16496,0.007348779,5748.0,25910.0
PLAG021_1,49.92231,0.01902232,350.0,967.0
PLAG021_2,33.99752,0.0201966,1113.0,4038.0
PLAG021_3,15.35882,0.02138436,8031.0,37544.0
PLAG021_4,12.36726,0.02169364,18489.0,91962.0
PLAG022_1,23.25578,0.04174417,651.0,2330.0
PLAG022_2,34.6138,0.04355458,2157.0,9301.0
PLAG022_3,14.72638,0.04444205,16332.0,84060.0
PLAG022_4,12.00373,0.04475029,38216.0,205380.0
PLAG023_1,50.7361,0.03627564,584.0,2106.0
PLAG023_2,35.26008,0.03788539,2083.0,9007.0
PLAG023_3,17.39751,0.03933864,15873.0,81297.0
PLAG023_4,11.56862,0.03969906,37246.0,199442.0
PLAG024_1,35.57514,0.03330034,481.0,1370.0
PLAG024_2,30.36527,0.03459518,1525.0,5723.0
PLAG024_3,17.24839,0.03694977,11148.0,53682.0
PLAG024_4,11.59136,0.03742754,25807.0,131275.0
PLAG025_1,41.96244,0.02762349,499.0,1424.0
PLAG025_2,33.55662,0.02896617,1526.0,5505.0
PLAG025_3,17.80511,0.03043289,5878.0,25536.0
PLAG025_4,10.19285,0.03130202,24798.0,122417.0
PLAG026_1,51.96177,0.02934118,455.0,1427.0
PLAG026_2,32.93726,0.03130834,1574.0,6200.0
PLAG026_3,14.46163,0.03306243,11527.0,56435.0
PLAG026_4,12.00868,0.03338032,26914.0,139039.0
PLAG027_1,58.51228,0.03195737,528.0,1980.0
PLAG027_2,32.78792,0.03307916,1881.0,8370.0
PLAG027_3,14.4475,0.03388096,14437.0,75139.0
PLAG027_4,10.97288,0.03409768,34139.0,184872.0
PLAG028_1,39.30706,0.02878985,519.0,1642.0
PLAG028_2,25.96535,0.03019491,1623.0,6508.0
PLAG028_3,15.73535,0.03155452,11933.0,59135.0
PLAG028_4,11.04536,0.03178905,27864.0,145275.0
PLAG029_1,60.56569,0.03591353,545.0,1966.0
PLAG029_2,37.67865,0.03742052,1830.0,7955.0
PLAG029_3,15.95793,0.03868483,14229.0,73180.0
PLAG029_4,13.09919,0.03892036,33187.0,178224.0
PLAG030_1,53.86136,0.0197678,357.0,846.0
PLAG030_2,33.99168,0.02168468,1050.0,3398.0
PLAG030_3,15.97685,0.0230815,7347.0,32541.0
PLAG030_4,7.21908,0.02354535,50542.0,260772.0
PLAG031_1,49.20704,0.01971929,371.0,917.0
PLAG031_2,27.21862,0.02170175,1144.0,3762.0
PLAG031_3,15.04154,0.02289849,8168.0,36258.0
PLAG031_4,11.79217,0.02338696,18558.0,88924.0
PLAG032_1,51.42775,0.0180962,339.0,808.0
PLAG032_2,32.55005,0.01930851,1042.0,3408.0
PLAG032_3,15.38038,0.02093901,7472.0,33093.0
PLAG032_4,12.6881,0.02113015,16922.0,81026.0
PLAG033_1,44.23683,0.02249158,389.0,1219.0
PLAG033_2,24.95801,0.02430388,2325.0,9994.0
PLAG033_3,17.21542,0.02482979,9490.0,46715.0
PLAG033_4,8.23276,0.02520633,68372.0,373220.0
PLAG034_1,50.78417,0.02116605,330.0,928.0
PLAG034_2,32.25,0.02283295,1136.0,4172.0
PLAG034_3,16.68777,0.02418897,8187.0,38355.0
PLAG034_4,12.03137,0.02461964,18694.0,93487.0
PLAG035_1,31.25018,0.02445939,350.0,955.0
PLAG035_2,43.16252,0.0252984,725.0,2421.0
PLAG035_3,19.41474,0.0276123,4422.0,19506.0
PLAG035_4,12.41,0.02901612,18771.0,93328.0
PLAG036_1,57.22855,0.03287579,395.0,1286.0
PLAG036_2,36.86036,0.03481931,1305.0,5300.0
PLAG036_3,16.00257,0.03648848,9768.0,48453.0
PLAG036_4,14.21539,0.03683536,22809.0,118859.0
PLAG037_1,63.79753,0.02977709,452.0,1763.0
PLAG037_2,38.00252,0.03114271,1669.0,7680.0
PLAG037_3,16.43966,0.03242974,12979.0,68718.0
PLAG037_4,13.3092,0.03265424,30710.0,168691.0
PLAG038_1,59.60714,0.01406685,287.0,759.0
PLAG038_2,38.4923,0.01496917,900.0,3142.0
PLAG038_3,14.25321,0.0162146,6441.0,29330.0
PLAG038_4,10.72792,0.01659044,28941.0,147791.0
PLAG039_1,54.62792,0.01852956,273.0,776.0
PLAG039_2,28.36671,0.02044756,923.0,3514.0
PLAG039_3,16.79019,0.02162688,6881.0,32975.0
PLAG039_4,12.28057,0.02177629,15855.0,80813.0
PLAG040_1,41.07414,0.02132052,350.0,1142.0
PLAG040_2,37.81233,0.02378078,1125.0,4556.0
PLAG040_3,15.42649,0.02515763,8526.0,42347.0
PLAG040_4,11.96526,0.02534827,19877.0,103757.0
PLAG041_1,31.0498,0.01336925,757.0,2246.0
PLAG041_2,31.0498,0.01336925,757.0,2247.0
PLAG041_3,18.76319,0.01441093,4757.0,19700.0
PLAG041_4,12.39917,0.01476014,10583.0,47995.0
PLAG042_1,47.08291,0.02066483,338.0,1185.0
PLAG042_2,37.9397,0.02196702,1169.0,4966.0
PLAG042_3,18.65782,0.02274553,8916.0,45354.0
PLAG042_4,11.86187,0.02290477,20796.0,110856.0
PLAG043_1,49.19219,0.01800878,318.0,1076.0
PLAG043_2,38.17818,0.01923565,1026.0,4250.0
PLAG043_3,16.45764,0.020316,7874.0,39413.0
PLAG043_4,13.95428,0.0205168,18360.0,96565.0
PLAG044_1,36.00172,0.01105752,657.0,1752.0
PLAG044_2,36.00172,0.01105752,657.0,1752.0
PLAG044_3,15.43856,0.01235394,4242.0,16622.0
PLAG044_4,12.91289,0.01264564,9384.0,40642.0
PLAG045_1,58.04006,0.02098209,342.0,1249.0
PLAG045_2,34.48225,0.02180166,1176.0,5084.0
PLAG045_3,17.45146,0.02308631,9020.0,46342.0
PLAG045_4,11.88997,0.02335345,21232.0,113794.0
PLAG046_1,46.96078,0.01229308,277.0,797.0
PLAG046_2,36.11887,0.01356946,773.0,2821.0
PLAG046_3,16.5128,0.01464292,5401.0,25195.0
PLAG046_4,12.68553,0.01492043,12438.0,61681.0
PLAG047_1,55.45945,0.01221445,211.0,493.0
PLAG047_2,28.94927,0.01395183,885.0,3067.0
PLAG047_3,16.99735,0.01501476,4386.0,18964.0
PLAG047_4,11.65116,0.01560456,9945.0,46325.0
PLAG048_1,20.41339,0.0003926196,84.0,195.0
PLAG048_2,37.568,0.004636313,362.0,893.0
PLAG048_3,14.15621,0.009277546,2764.0,10027.0
PLAG048_4,10.99621,0.009393787,5944.0,24378.0
PLAG049_1,19.81924,0.00656928,212.0,475.0
PLAG049_2,12.56393,0.008800771,573.0,1593.0
PLAG049_3,17.27139,0.009844362,3573.0,14415.0
PLAG049_4,11.52037,0.01010316,7826.0,34820.0
PLAG050_1,50.18856,0.01266709,269.0,917.0
PLAG050_2,34.021,0.01326496,825.0,3449.0
PLAG050_3,15.11461,0.01367961,6200.0,31282.0
PLAG050_4,13.00231,0.01373602,14495.0,76624.0
PLAG051_1,58.44798,0.01374741,239.0,839.0
PLAG051_2,33.99121,0.01438828,888.0,3822.0
PLAG051_3,13.93881,0.01475574,6796.0,34744.0
PLAG051_4,13.30375,0.01480691,15890.0,84992.0
PLAG052_1,56.83015,0.007045703,188.0,429.0
PLAG052_2,32.42965,0.00779829,486.0,1541.0
PLAG052_3,17.31972,0.008320086,3567.0,15652.0
PLAG052_4,11.85615,0.008407916,8135.0,38623.0
PLAG053_1,48.26153,0.01243334,229.0,818.0
PLAG053_2,31.47186,0.01308321,791.0,3385.0
PLAG053_3,16.80613,0.01335847,6149.0,31503.0
PLAG053_4,11.64268,0.01340473,14415.0,77332.0
PLAG054_1,54.00993,0.003013931,123.0,233.0
PLAG054_2,29.99741,0.003542543,288.0,699.0
PLAG054_3,15.20905,0.006232937,2412.0,8901.0
PLAG054_4,12.86879,0.006371967,5147.0,21340.0
PLAG055_1,51.26227,0.006332575,161.0,365.0
PLAG055_2,31.28618,0.007445324,475.0,1456.0
PLAG055_3,14.86104,0.008071375,3321.0,14350.0
PLAG055_4,12.35718,0.008162242,7448.0,35064.0
PLAG056_1,21.67373,0.0003347861,48.0,86.0
PLAG056_2,33.91182,0.002944724,211.0,426.0
PLAG056_3,17.20397,0.006932151,1976.0,6747.0
PLAG056_4,11.31173,0.007088197,4358.0,17031.0
PLAG057_1,58.63589,0.00711093,187.0,428.0
PLAG057_2,27.73472,0.007839587,472.0,1447.0
PLAG057_3,15.38194,0.008471305,3134.0,13489.0
PLAG057_4,13.05647,0.008629595,7167.0,33566.0
PLAG058_1,54.09226,0.0107002,203.0,711.0
PLAG058_2,31.96346,0.01133494,678.0,2901.0
PLAG058_3,16.69968,0.0117828,5279.0,26885.0
PLAG058_4,10.69954,0.0118514,12331.0,65945.0
PLAG059_1,38.10881,0.007362222,181.0,510.0
PLAG059_2,32.96346,0.007783715,522.0,1900.0
PLAG059_3,16.17458,0.008073438,3800.0,18011.0
PLAG059_4,11.45147,0.008120654,8800.0,44346.0
PLAG060_1,54.84073,0.006103246,164.0,412.0
PLAG060_2,38.73471,0.006687362,455.0,1508.0
PLAG060_3,14.87883,0.007073694,3122.0,14035.0
PLAG060_4,11.63264,0.007128656,7164.0,34811.0
PLAG061_1,32.23866,0.005744509,196.0,490.0
PLAG061_2,35.61632,0.007031661,432.0,1371.0
PLAG061_3,13.50103,0.007688465,2896.0,12910.0
PLAG061_4,11.91642,0.007787444,6621.0,31792.0
PLAG062_1,43.25519,0.005819238,128.0,296.0
PLAG062_2,31.12454,0.006871567,384.0,1229.0
PLAG062_3,15.42743,0.007367324,2783.0,12264.0
PLAG062_4,11.89187,0.007458517,6329.0,30173.0
PLAG063_1,50.05216,0.008667199,170.0,529.0
PLAG063_2,34.2819,0.009305162,567.0,2286.0
PLAG063_3,19.01242,0.009798376,4172.0,20712.0
PLAG063_4,12.69108,0.00989126,9802.0,51040.0
PLAG064_1,55.99559,0.0103767,188.0,671.0
PLAG064_2,33.63333,0.0109192,666.0,2886.0
PLAG064_3,13.54041,0.01135205,5054.0,26034.0
PLAG064_4,10.55577,0.01154078,23856.0,131443.0
PLAG065_1,34.14392,0.005896767,186.0,427.0
PLAG065_2,15.44415,0.006619522,442.0,1353.0
PLAG065_3,16.89786,0.007353292,2869.0,12287.0
PLAG065_4,11.46606,0.007543756,6403.0,29920.0
PLAG066_1,61.38269,0.01134707,203.0,736.0
PLAG066_2,28.70824,0.01181036,710.0,3162.0
PLAG066_3,16.56225,0.01209528,5578.0,29229.0
PLAG066_4,12.04336,0.01214102,13236.0,72084.0
PLAG067_1,62.63364,0.0074782,165.0,500.0
PLAG067_2,35.05888,0.008121738,527.0,2032.0
PLAG067_3,15.97011,0.00853274,3809.0,18323.0
PLAG067_4,13.00632,0.008607196,8755.0,44670.0
PLAG068_1,25.50224,0.005312405,155.0,336.0
PLAG068_2,20.43149,0.005905487,369.0,1085.0
PLAG068_3,16.2669,0.006415192,2394.0,10140.0
PLAG068_4,11.07136,0.006494695,5375.0,24800.0
PLAG069_1,46.802,0.01136626,209.0,778.0
PLAG069_2,31.2227,0.01185611,722.0,3203.0
PLAG069_3,17.89406,0.01216569,5656.0,29447.0
PLAG069_4,11.0405,0.01220818,13250.0,71890.0
PLAG070_1,53.1004,0.003944665,112.0,229.0
PLAG070_2,37.00537,0.004398612,355.0,1051.0
PLAG070_3,16.76196,0.004782059,2241.0,9262.0
PLAG070_4,12.81718,0.004835358,4932.0,22428.0
PLAG071_1,47.25671,0.008570428,188.0,616.0
PLAG071_2,36.67233,0.009034937,579.0,2383.0
PLAG071_3,14.426,0.009268194,4382.0,21999.0
PLAG071_4,10.72069,0.009310533,10238.0,54030.0
PLAG072,10.07418,0.006665639,7363.0,36507.0
PLAG073,10.39739,0.008713234,11328.0,59662.0
PLAG074,12.8881,0.008886283,9052.0,46744.0
PLAG075,10.8859,0.00571434,5565.0,26667.0
PLAG076,11.28437,0.003851387,3472.0,14777.0
PLAG077,12.98063,0.006881755,5872.0,28984.0
PLAG078,10.79957,0.004355589,4451.0,20645.0
PLAG079,12.25753,0.00837861,8963.0,47821.0
PLAG080,13.02612,0.004302202,4183.0,19270.0
PLAG081,13.44165,0.004884605,4574.0,22327.0
PLAG082,12.96357,0.007502922,8235.0,43935.0
PLAG083,10.83705,0.004690102,4513.0,21753.0
PLAG084,12.07093,0.005653288,6127.0,32013.0
PLAG085,10.66137,0.003832649,4013.0,18396.0
PLAG086,11.65253,0.005179846,4657.0,22150.0
PLAG087,12.22294,0.00350041,3235.0,14139.0
PLAG088,10.84077,0.004390858,4702.0,23423.0
PLAG089,11.81556,0.00321977,3517.0,16402.0
PLAG090,12.36325,0.003458049,3014.0,11925.0
PLAG091,12.12775,0.00547598,5805.0,29694.0
PLAG092,11.35015,0.004526238,5061.0,25643.0
PLAG093,12.73686,0.003128226,3141.0,13794.0
PLAG094,13.20939,0.004109415,3672.0,17379.0
PLAG095,12.21614,0.003474093,3757.0,18013.0
PLAG096,12.90619,0.005893147,6216.0,32380.0
PLAG097,11.49764,0.005512724,5819.0,30323.0
PLAG098,12.61454,0.00262785,2560.0,10916.0
PLAG099,11.33261,0.002955575,2971.0,13458.0
PLAG100,11.4721,0.005333985,5673.0,29476.0
PLAG101,12.97304,0.002887311,2756.0,12615.0
PLAG102,12.10664,0.003120993,3192.0,15072.0
PLAG103,11.98073,0.003859928,4176.0,21201.0
PLAG104,12.74851,0.003315214,3805.0,19057.0
PLAG105,11.49368,0.002439291,2605.0,11899.0
PLAG106,13.20258,0.003253851,3229.0,15888.0
PLAG107,13.18816,0.002867769,3038.0,14752.0
PLAG108,12.40044,0.002765791,2981.0,14653.0
PLAG109,13.39063,0.002461426,2549.0,12119.0
PLAG110,11.60027,0.001966106,1550.0,6234.0
PLAG111,10.55737,0.002659099,2866.0,13887.0
PLAG112,12.14079,0.002875449,3109.0,15335.0
PLAG113,11.35184,0.003111534,3436.0,17271.0
PLAG114,10.79527,0.001911079,2197.0,10134.0
PLAG115,10.73695,0.001816716,1966.0,8972.0
PLAG116,11.40499,0.002201,2536.0,12339.0
PLAG117,13.50218,0.00213727,2420.0,11798.0
PLAG118,11.79563,0.002362352,2098.0,9442.0
PLAG119,10.76997,0.002013619,2424.0,11635.0
PLAG120,12.90145,0.001710755,1420.0,6013.0
PLAG121,11.97993,0.002108125,2088.0,9669.0
PLAG122,10.69238,0.002147646,2218.0,10577.0
PLAG123,11.83798,0.001225191,1291.0,5209.0
PLAG124,13.92047,0.001224737,1190.0,4722.0
PLAG125,10.55913,0.001004779,1067.0,4085.0
PLAG126,11.81608,0.001420003,1254.0,5193.0
PLAG127,9.96312,0.002121808,2425.0,11979.0
PLAG128,12.17878,0.001438269,1276.0,5277.0
PLAG129,12.69877,0.001654588,1805.0,8443.0
PLAG130,11.60857,0.001726874,1878.0,8997.0
PLAG131,12.46097,0.001227078,1477.0,6605.0
PLAG132,11.84338,0.001325304,1565.0,6986.0
PLAG133,12.30185,0.001586223,1754.0,8144.0
PLAG134,10.95024,0.001509842,1762.0,8313.0
PLAG135,11.05046,0.001618416,1832.0,8656.0
PLAG136,10.60023,0.001838635,2050.0,9847.0
PLAG137,13.08656,0.001468514,1341.0,5810.0
PLAG138,12.52678,0.001067787,1324.0,6006.0
PLAG139,13.05466,0.00123942,1335.0,5964.0
PLAG140,13.25996,0.001378251,1480.0,6716.0
PLAG141,10.62206,0.001248813,785.0,2938.0
PLAG142,13.05724,0.001254851,1334.0,6073.0
PLAG143,11.42809,0.001326435,1583.0,7456.0
PLAG144,10.36333,0.001325933,1551.0,7348.0
PLAG145,10.93332,0.0008735474,1011.0,4318.0
PLAG146,12.25148,0.0009791047,1121.0,5080.0
PLAG147,13.02954,0.0008870916,1065.0,4728.0
PLAG148,11.64825,0.0009912553,1235.0,5620.0
PLAG149,12.03256,0.001026138,1269.0,5970.0
PLAG150,11.85107,0.0007932554,958.0,4008.0
PLAG151,9.06975,0.001157631,4169.0,21501.0
PLAG152,5.77556,0.0006433909,756.0,2944.0
PLAG153,12.53328,0.001202705,1398.0,6550.0
PLAG154,12.43749,0.0009051564,1058.0,4743.0
PLAG155,11.41669,0.000853864,1019.0,4458.0
PLAG156,11.35259,0.0009986061,1197.0,5547.0
PLAG157,12.20487,0.0009280664,1067.0,4858.0
PLAG158,12.65429,0.0007222706,930.0,4094.0
PLAG159,11.36086,0.0009259459,1086.0,4937.0
PLAG160,12.35023,0.0009001867,1076.0,4894.0
PLAG161,12.93475,0.0007862208,999.0,4512.0
PLAG162,10.92407,0.0008258962,953.0,4252.0
PLAG163,12.80801,0.000684361,881.0,3848.0
PLAG164,5.50761,0.000420311,473.0,1469.0
PLAG165,12.94708,0.0005388319,662.0,2727.0
PLAG166,10.41464,0.0006118532,663.0,2559.0
PLAG167,11.39483,0.0005239463,651.0,2555.0
PLAG168,12.15404,0.0007792887,953.0,4286.0
PLAG169,11.91577,0.0003863578,430.0,1431.0
PLAG170,13.22829,0.0007247204,841.0,3654.0
PLAG171,12.14601,0.0006378708,802.0,3538.0
PLAG172,11.13259,0.0007709938,964.0,4320.0
PLAG173,10.61666,0.0005626532,717.0,3012.0
PLAG174,13.21837,0.0006820677,866.0,3844.0
PLAG175,13.32212,0.000727791,896.0,4000.0
PLAG176,11.8996,0.000515181,690.0,2947.0
PLAG177,12.51815,0.0004808799,636.0,2619.0
PLAG178,10.51864,0.0003323951,437.0,1485.0
PLAG179,10.57867,0.0004669164,651.0,2676.0
PLAG180,7.99074,0.0005583443,2156.0,10461.0
PLAG181,8.19785,0.0004757668,1818.0,8512.0
PLAG182,8.28227,0.0004520255,1623.0,7539.0
PLAG183,8.3781,0.0004763701,1803.0,8512.0
PLAG184,8.13092,0.0003738211,1290.0,5448.0
PLAG185,7.71962,0.0003551434,1362.0,6058.0
PLAG186,7.82224,0.0004416032,1551.0,7042.0
PLAG187,8.29521,0.0004273631,1630.0,7557.0
PLAG188,7.79731,0.0004748962,1735.0,8038.0
PLAG189,7.60082,0.0001936632,694.0,2668.0
PLAG190,7.51238,0.0003599676,1490.0,6839.0
PLAG191,6.82499,0.0003834066,1518.0,7216.0
PLAG192,8.84618,0.0001923007,795.0,3237.0
PLAG193,8.16216,0.000406972,1514.0,7156.0
PLAG194,7.87382,0.0002272381,966.0,3915.0
PLAG195,7.83378,0.0002577257,1068.0,4751.0
PLAG196,8.55085,0.0002746205,1095.0,4874.0
PLAG197,7.75497,0.0002390369,962.0,4256.0
PLAG198,8.6072,0.0002601704,1072.0,4730.0
PLAG199,8.48765,0.0001588725,774.0,3135.0
PLAG200,6.88487,0.0003268056,1281.0,6011.0
PLAG201,8.8845,0.0001671536,679.0,2906.0
PLAG202,7.93737,0.0002181944,922.0,4100.0
PLAG203,8.06296,0.0001982728,777.0,3250.0
PLAG204,7.57987,0.0002392357,1031.0,4664.0
PLAG205,9.36549,0.000175927,707.0,2959.0
PLAG206,7.41858,0.000113045,565.0,2241.0
PLAG207,8.59293,0.0001817723,819.0,3579.0
PLAG208,8.59692,0.0002175893,921.0,4099.0
PLAG209,7.4457,0.0001600779,610.0,2449.0
PLAG210,5.04145,9.663414e-05,1309.0,5822.0
PLAG211,5.72463,0.0002064454,2268.0,10695.0
PLAG212,5.86134,0.0001271373,1613.0,7340.0
PLAG213,5.46368,0.0002273904,2787.0,13697.0
PLAG214,6.30523,0.0001239035,1353.0,5722.0
PLAG215,5.25962,0.0001331498,1695.0,7853.0
PLAG216,5.28935,0.0001127009,1594.0,7211.0
PLAG217,5.30783,0.0001219631,1752.0,7994.0
PLAG218,6.09981,9.457063e-05,1092.0,4723.0
PLAG219,5.22995,0.0001179616,1465.0,6801.0
PLAG220,5.51411,7.800117e-05,1128.0,4971.0
PLAG221,5.33044,0.0001164141,1670.0,7546.0
PLAG222,5.65646,0.0001493689,1877.0,8992.0
PLAG223,5.40597,0.0001065018,1324.0,5947.0
PLAG224,6.10249,0.0001444276,1944.0,9421.0
PLAG225,2.35969,4.664999e-05,4141.0,20970.0
PLAG226,5.06653,6.098417e-05,889.0,3994.0
PLAG227,5.29437,8.828715e-05,1266.0,5603.0
PLAG228,4.69583,9.046822e-05,1178.0,5156.0
PLAG229,5.01006,8.618853e-05,1252.0,5611.0
PLAG230,5.52291,7.419465e-05,1088.0,4796.0
PLAG231,5.31794,9.797091e-05,1354.0,6334.0
PLAG232,5.27397,7.255086e-05,935.0,4037.0
PLAG233,5.99575,6.733563e-05,968.0,4267.0
PLAG234,4.70575,6.890775e-05,1027.0,4555.0
PLAG235,5.20011,0.0001127667,1467.0,6936.0
PLAG236,5.4668,0.0001074945,1474.0,6950.0
PLAG237,5.82461,9.071705e-05,1195.0,5574.0
PLAG238,5.05601,4.906469e-05,713.0,3054.0
PLAG239,5.1515,7.695429e-05,1100.0,5010.0
PLAG240,2.39018,4.878073e-05,4588.0,23447.0
PLAG241,2.97551,5.217978e-05,5372.0,27473.0
PLAG242,2.71934,3.522014e-05,3512.0,17488.0
PLAG243,2.92064,3.36595e-05,3200.0,16069.0
PLAG244,2.60029,4.412191e-05,4518.0,22884.0
PLAG245,2.63781,4.8684e-05,4981.0,25218.0
PLAG246,2.75029,3.930696e-05,4100.0,20790.0
